0.021289999	0.05796331	-0.025446897	-0.019772578	-0.05770767	0.015047438	0.0165297	0.0342908	-0.01428554	-0.0118423365	-0.06104007	0.016422741	-0.03707507	-0.00023060021	7.069818e-05	0.012478124
0.001567921	0.038475297	-0.023191815	-0.067170225	-0.02149681	0.052893337	-0.028344186	-0.061002582	-0.04814288	0.06401075	0.00091842597	-0.0025597378	-0.061331186	-0.009591395	0.046965975	0.0071038953
-0.1413642	-0.21812788	0.1045083	0.11739894	0.12855855	-0.11549974	0.033029407	0.15112431	0.21693255	-0.15568121	0.14074342	-0.22201513	0.17208548	-0.14647217	-0.2062923	0.16482607
0.0017409855	0.02354253	-0.02996229	-0.022702424	-0.0340168	-0.0053095436	0.09599807	-0.026917318	0.03894514	-0.02525851	0.029513754	0.008400603	-0.019242145	-0.050127048	-0.0030661512	-0.0173662
0.03457344	0.04641169	-0.035982907	-0.012551554	-0.0695553	0.06732918	0.02809033	-0.07677714	-0.073599175	0.0045494447	-0.018091429	0.024062889	-0.047282364	0.08974793	0.06694758	-0.06799031
0.07302457	0.015489169	-0.014336967	-0.073729515	-0.0010449563	0.010901917	0.0018148036	-0.042196862	-0.012227308	0.023113092	-0.03200233	0.039776508	0.0048304107	0.06703421	0.023878513	-0.0037824777
-0.14132565	-0.107939675	0.07038978	0.10555066	0.1005767	-0.097142756	0.025042983	0.18483287	0.13444823	-0.10898932	0.14515176	-0.19750197	0.13742003	-0.11152331	-0.16059482	0.14629681
0.071640365	0.10988451	-0.108944364	-0.025604764	-0.087850034	0.048506364	-0.012517992	-0.029122902	-0.10655884	0.033364844	-0.07168226	0.08690706	-0.06015723	0.03342813	0.05695818	-0.08595737
0.07173734	0.0141170295	-0.056134373	-0.05867209	-0.06755864	0.01007339	-0.09832166	-0.050464466	-0.078367814	0.077913284	-0.042713095	0.00823815	-0.05297335	0.09780391	0.052439768	-0.091536686
0.037290316	0.081381656	-0.026725005	-0.072818816	-0.064288445	0.09237421	0.010199829	-0.024203999	-0.049480073	0.08133706	-0.027921058	0.073974736	-0.093655005	0.020537816	0.053831216	-0.07560362
0.058273837	0.006665556	0.019743197	-0.040946618	-0.037934966	0.072285004	0.049429554	-0.071525835	-0.005049744	0.06817718	-0.07467724	-0.0020094449	-0.004045499	0.0070988783	0.0022373858	-0.06991129
-0.061950922	-0.013638289	0.043087255	0.0417104	0.01965063	-0.0897369	0.030883366	0.014766107	0.070570156	-0.05525763	0.04528772	-0.08631274	0.07304978	-0.008991341	-0.1051237	0.025956368
0.060321108	0.036986854	-0.04548623	-0.06854606	-0.07011939	0.021490213	-0.028738096	0.0033262349	-0.0152293695	0.086324	0.01882259	0.037381265	0.0036370615	0.0683033	0.030117812	0.015702724
0.66690284	0.71489376	-0.6126946	-0.6535981	-0.5798911	0.6554256	-0.5633979	-0.7093075	-0.65158814	0.77586615	-0.6861204	0.7139536	-0.7291347	0.656764	0.6992525	-0.6558545
0.048460837	0.11073862	-0.10857227	-0.10852995	-0.06725315	0.041270643	-0.08034776	-0.05484953	-0.10638274	0.13956217	-0.10081298	0.10925253	-0.109279394	0.05397693	0.037942838	-0.09695396
0.08149231	0.029040284	-0.021349013	-0.0839385	-0.09252017	0.11121789	-0.057970673	-0.029346645	-0.112995915	0.050856788	-0.06291472	0.107770704	-0.07751825	0.04430144	0.092037946	-0.049210932
-0.17100485	-0.20010063	0.09894299	0.082655914	0.09697534	-0.15915751	0.055839352	0.13040131	0.1174895	-0.088801466	0.13850723	-0.10243767	0.18560258	-0.10073889	-0.17065322	0.12819062
-0.09883962	-0.16379194	0.11882159	0.12448069	0.07248491	-0.08393012	0.068279974	0.16533132	0.13172093	-0.14738885	0.17675327	-0.15511943	0.102413975	-0.08750941	-0.102667056	0.15370083
-0.72407126	-0.7867021	0.63433665	0.68141204	0.69070876	-0.75611615	0.64140505	0.74813545	0.6826059	-0.765361	0.67992955	-0.80001664	0.78841794	-0.7250182	-0.7063854	0.70300657
-0.5578263	-0.5134846	0.5296743	0.47215465	0.47675583	-0.49976715	0.51748294	0.5845472	0.5628232	-0.58840245	0.51890844	-0.58679813	0.5433014	-0.5658187	-0.5846514	0.5581293
0.025522122	-0.058873508	-0.027567493	0.046172198	0.024878217	-0.0082380315	-0.015385979	0.040738888	-0.012635726	0.033152666	0.023618514	0.0009490226	0.013305379	-0.04708885	0.027473569	-0.016391516
0.1653129	0.11589417	-0.084953405	-0.10629683	-0.14013588	0.09448819	-0.03489143	-0.1314189	-0.10533844	0.18595414	-0.15462852	0.16854542	-0.097515784	0.17230953	0.08966136	-0.08954471
-0.02031914	-0.06621859	0.018903388	0.08965872	0.052899018	-0.11136619	0.07853895	0.094289936	0.07531919	-0.11658113	0.049583826	-0.06635568	0.0664118	-0.02318746	-0.065629594	0.109371066
-0.12833828	-0.10092054	0.10515599	0.12291688	0.079558775	-0.14819232	0.18485735	0.17933962	0.08914608	-0.19210316	0.12948573	-0.12075011	0.11560362	-0.120183736	-0.16598953	0.12708299
-0.122826956	-0.12873444	0.12609452	0.08197574	0.08092208	-0.11835478	0.12421194	0.053892553	0.11232914	-0.05614175	0.0469797	-0.051425043	0.08930739	-0.12877543	-0.05897557	0.065784134
-0.17092088	-0.20951629	0.1580467	0.19052255	0.15131168	-0.14343864	0.10231663	0.15413688	0.20660421	-0.13143659	0.10644069	-0.12673278	0.19105582	-0.11614341	-0.16605727	0.13000566
-0.09900911	-0.07991913	0.0999203	0.09247932	0.09138374	-0.083695985	0.090681255	0.07246519	0.098573886	-0.045699358	0.022354973	-0.07741519	0.03317984	-0.09642356	-0.07721217	0.080740005
-0.08451822	-0.11623261	0.12576051	0.096376106	0.09647262	-0.081534125	0.117388435	0.039690733	0.120709665	-0.13260911	0.11386344	-0.12959664	0.119423784	-0.12595394	-0.043891437	0.121934175
0.017230533	0.0944412	-0.055236828	-0.0023191464	-0.031314224	0.04771144	-0.11222988	-0.009613534	-0.057279646	0.054571427	-0.097442456	0.0952233	-0.10949958	0.05177817	0.06667331	-0.013336902
0.05108962	0.049845494	-0.043439627	-0.103528716	-0.024527375	0.071758166	-0.06852195	-0.074350014	-0.11325657	0.052729007	-0.07067523	0.07612181	-0.071458355	0.028302763	0.037417673	-0.029846285
-0.091780536	-0.08978083	0.014157063	0.047878303	0.067320034	-0.06865873	0.11106858	0.060173973	0.010669101	-0.048509866	0.049815923	-0.089210354	0.03449355	-0.016024075	-0.034647804	0.022306684
0.18528724	0.1793652	-0.17058596	-0.20210774	-0.120398484	0.17367458	-0.20572193	-0.2103277	-0.1935066	0.17580165	-0.19060794	0.2115551	-0.18737024	0.14879812	0.16445129	-0.13187163
-0.14978889	-0.23581868	0.21869187	0.17938246	0.1733257	-0.22975236	0.1835004	0.18887633	0.14071211	-0.20133226	0.14848086	-0.229771	0.21322083	-0.1297495	-0.1647108	0.17243715
-0.18500945	-0.15961164	0.12703604	0.16760464	0.16734263	-0.100265145	0.13269103	0.11807862	0.14761876	-0.20221819	0.10188985	-0.14086252	0.11353329	-0.103339374	-0.18096375	0.10937238
-0.24344736	-0.2532929	0.24734633	0.23786932	0.28242308	-0.2589032	0.2827499	0.2658324	0.25509652	-0.2637538	0.27432805	-0.31681073	0.2610003	-0.28959715	-0.2632796	0.21770945
-0.075035766	-0.05542031	0.015640885	0.015452503	0.03354246	-0.090655774	0.07768382	0.052701402	0.053400435	-0.03790046	0.06442305	-0.10192247	0.08481316	-0.06732752	-0.093614735	0.10301753
-0.09080628	-0.04365128	0.086113155	0.0879344	0.08411176	-0.036557216	0.06011057	0.04526746	0.009150489	-0.060513712	0.027077634	-0.027120749	0.019949395	-0.07908738	-0.067085534	0.09441343
0.12906343	0.11978916	-0.13650751	-0.10423437	-0.10456429	0.14522061	-0.17586373	-0.1929901	-0.091257736	0.123140626	-0.16260988	0.11030298	-0.14198132	0.17661282	0.092503816	-0.15089151
-0.0945309	-0.07116373	0.09043233	0.122576505	0.033950947	-0.13253096	0.05778572	0.064300805	0.050307147	-0.08786925	0.133087	-0.10681821	0.09141586	-0.10241687	-0.064216316	0.11552679
0.26281062	0.2748468	-0.29296237	-0.26715487	-0.2950246	0.23945616	-0.26136538	-0.28521088	-0.29696995	0.28366113	-0.3168122	0.30543655	-0.3323779	0.31040525	0.3379882	-0.29785767
0.013881643	0.05100832	-0.0665177	-0.09584809	-0.014057518	0.08948663	-0.090193555	-0.117703944	-0.1119377	0.059006024	-0.09744729	0.09108078	-0.09001026	0.059177198	0.020349575	-0.06934289
-0.42386615	-0.36586386	0.3002747	0.35126472	0.39493668	-0.42010388	0.26937562	0.43923986	0.34921476	-0.39736128	0.38811636	-0.37650058	0.37318555	-0.32862738	-0.39537856	0.3902608
-0.06986278	-0.05694977	0.010378282	0.060099293	0.05945414	0.0022505578	0.05313663	0.035584882	0.031708308	-0.022217358	-0.00013304339	-0.053848322	0.07327028	-0.00433842	-0.065319866	0.07345628
-0.04192546	-0.02184954	0.031541225	0.07065466	0.030666834	-0.013621551	0.0784901	0.034232408	0.079807036	-0.10358954	0.07397664	-0.03343428	0.078013055	0.0016773539	-0.091092944	0.021805579
0.044883225	0.08012468	0.012443249	-0.073684864	0.012257078	0.023841409	0.03124158	0.0018726981	-0.0413776	0.089561224	-0.03666708	-0.0080849845	-0.059884295	0.04486613	0.07266221	-0.0096777985
0.2291731	0.21142906	-0.13824506	-0.23550843	-0.20574793	0.23246	-0.09282481	-0.20747513	-0.18779105	0.22836563	-0.19423519	0.25834092	-0.24778473	0.22816125	0.17911187	-0.20124638
-0.04334841	-0.05695175	0.038571887	0.079599746	0.06516138	-0.04169403	0.0022298244	0.05254777	0.029661786	-0.016527172	0.029360157	-0.020897428	0.088104986	-0.040871702	-0.047065508	0.050566938
-0.7514412	-0.7669041	0.6905845	0.6589376	0.6357767	-0.71238106	0.6934935	0.80065835	0.7823817	-0.8202708	0.73009515	-0.78445226	0.7504032	-0.72514236	-0.7653671	0.77274
0.17431885	0.20056552	-0.19423208	-0.15599422	-0.14337721	0.2000636	-0.21572852	-0.22221306	-0.22011942	0.24867876	-0.1297458	0.22746861	-0.14940727	0.17670022	0.17143807	-0.22750175
-0.055257592	-0.0804103	0.084020406	0.0930753	0.07283909	-0.12592201	0.00913774	0.1159079	0.075614125	-0.042602327	0.04112757	-0.07449686	0.11783591	-0.03531886	-0.051102575	0.11763553
0.5095175	0.5182004	-0.48649585	-0.50751686	-0.4778369	0.5305556	-0.42415386	-0.48203534	-0.46047267	0.50228065	-0.47738358	0.49504033	-0.511994	0.5118822	0.47229347	-0.50306576
-0.054101907	-0.11239975	0.055082623	0.11903229	0.04367514	-0.060035765	0.053070933	0.0880756	0.058588646	-0.13233507	0.10832704	-0.107969716	0.10557246	-0.126774	-0.1244602	0.067741
-0.013723484	-0.05601117	0.0342889	0.07511987	0.031307727	-0.041165657	0.09572872	0.0041160434	0.049149595	-0.07554279	0.019619599	-0.06982511	0.030378673	-0.055035677	-0.00854001	0.052032527
0.19255263	0.14212088	-0.13977945	-0.19853172	-0.17290913	0.11282502	-0.16536628	-0.15673	-0.17099251	0.18474092	-0.11446587	0.13407636	-0.16252883	0.10191792	0.1663289	-0.19626857
-0.69529265	-0.6534696	0.653161	0.6557905	0.6182871	-0.6509408	0.62659734	0.7202117	0.7217999	-0.6955414	0.6662433	-0.6725776	0.69830173	-0.6692335	-0.7096914	0.6998883
-0.0010598075	0.0042559216	0.008241968	-0.031300288	0.0067868563	-0.002401546	0.012005426	-0.0076999646	0.051399108	-0.010427184	0.04461352	-0.060705997	-0.017062113	0.013490617	-0.037880268	0.027316924
0.044127762	0.034000125	-0.025675489	-0.0678936	-0.0044148103	0.01636552	-0.015574936	-0.057339825	-0.093673475	0.052681528	-0.07114612	0.05671847	-0.008793194	0.09274944	0.009649763	-0.0057529868
-0.09167556	-0.010851736	0.0161005	0.027769074	0.08027774	-0.07753205	-0.03328107	0.03565691	0.06908992	-0.081008784	0.03942579	-0.084712565	0.045282803	-0.036812484	-0.003560236	0.04746839
-0.17598116	-0.18595274	0.24178867	0.22014795	0.23052022	-0.23439185	0.16633838	0.22946292	0.25494292	-0.25808197	0.24654946	-0.21215203	0.22920778	-0.18267293	-0.2072384	0.19843668
0.13188352	0.10550212	-0.15742135	-0.12824471	-0.1279728	0.11986787	-0.18771058	-0.16203971	-0.12443427	0.19131047	-0.11433176	0.17645402	-0.122145414	0.08805445	0.12853284	-0.12910977
0.085052885	0.08975838	-0.1254263	-0.08746901	-0.095885426	0.058679834	-0.15077634	-0.09803319	-0.075709164	0.05347041	-0.11132406	0.03306564	-0.01923686	0.04432022	0.06964589	-0.086354926
0.059365522	0.108029746	-0.06831473	-0.0866817	-0.10564439	0.10203002	-0.044228263	-0.10290539	-0.052687336	0.10203694	-0.07044128	0.091680475	-0.15171382	0.029419385	0.060196366	-0.07549401
0.06435682	0.09109163	-0.054104142	-0.097639814	-0.030399805	0.038765375	-0.10513547	-0.1316481	-0.095111474	0.106084645	-0.10039082	0.054862335	-0.103407	0.079270765	0.123791195	-0.04010454
0.3005226	0.2556555	-0.28612003	-0.29045618	-0.20384903	0.21978903	-0.25001436	-0.32294378	-0.22640827	0.26114336	-0.26696637	0.28209335	-0.25052828	0.2505106	0.2990706	-0.22422554
0.13439621	0.16585267	-0.16606368	-0.11836784	-0.115254864	0.18201612	-0.12736775	-0.183204	-0.17953874	0.17140573	-0.10849954	0.15942873	-0.18223792	0.14474042	0.17758188	-0.20097926
-0.08234599	-0.11584077	0.07579245	0.14907138	0.06671903	-0.12677813	0.109134644	0.13375764	0.096623026	-0.13347842	0.14320494	-0.111249395	0.15067433	-0.09499668	-0.089167304	0.069996916
0.36929497	0.32929775	-0.31020132	-0.35137042	-0.3197892	0.3400011	-0.30720234	-0.3659096	-0.34674636	0.36937046	-0.363148	0.3531418	-0.37674642	0.33682147	0.37624308	-0.30803508
0.35752577	0.42247117	-0.38991213	-0.37447536	-0.3072846	0.4143855	-0.32984328	-0.38915497	-0.3838477	0.47171873	-0.33555406	0.36248124	-0.37427115	0.3165887	0.39959446	-0.4168374
0.23837632	0.24189454	-0.21277896	-0.19466218	-0.17219132	0.25566363	-0.15050219	-0.27243155	-0.2325742	0.27789405	-0.18895315	0.272097	-0.22033624	0.16585182	0.24916723	-0.17767653
-0.33544776	-0.3336817	0.37781116	0.38446814	0.34355006	-0.32015154	0.38238728	0.40820518	0.39783838	-0.37851372	0.30077606	-0.37342852	0.39733925	-0.36736315	-0.33953792	0.30269027
-0.10999194	-0.12808591	0.10754259	0.18979363	0.11822484	-0.16855636	0.13176146	0.17670836	0.10906172	-0.15391462	0.13473	-0.14578299	0.17620364	-0.107314445	-0.14017938	0.11831012
-0.034914404	-0.014694952	0.06642359	-0.020478258	-0.013912523	-0.01152343	0.08667426	-0.03806839	0.03169415	0.058548912	0.026569286	-0.016750494	0.0068635377	-0.03505118	-0.037846275	-0.030583171
-0.6481161	-0.6728315	0.64208555	0.64479685	0.668854	-0.68400925	0.60302526	0.7200263	0.675611	-0.6998535	0.686182	-0.7083766	0.7551544	-0.6759456	-0.6592876	0.6462763
0.05484969	0.12562625	-0.070311554	-0.11044249	-0.08148767	0.08176936	-0.14740965	-0.16066106	-0.10635604	0.131431	-0.07591368	0.09795598	-0.12022894	0.11071265	0.06961217	-0.09844192
0.07291318	0.12914778	-0.114471324	-0.1409787	-0.12197509	0.062144358	-0.0564197	-0.11767966	-0.1522366	0.06402514	-0.05453751	0.08640073	-0.102941245	0.105467275	0.074951336	-0.112314016
-0.557026	-0.6106247	0.55771434	0.60903335	0.5793166	-0.5512342	0.52397645	0.6032982	0.578037	-0.6478687	0.60507387	-0.62335914	0.60704345	-0.5623122	-0.637802	0.5759465
0.119620256	0.10320264	-0.053665783	-0.025027402	-0.050879385	0.053767864	0.011208119	-0.07104473	-0.07088876	0.015900008	-0.06711788	0.08262221	-0.07584533	0.11314683	0.109920286	-0.11507927
0.08296997	0.11428768	-0.111591734	-0.07888495	-0.14731883	0.08920168	-0.09666034	-0.1555326	-0.094866924	0.16795509	-0.07210977	0.10666388	-0.14640473	0.114523344	0.16554143	-0.12554872
0.35602903	0.34165856	-0.34979212	-0.35033295	-0.2752382	0.3431918	-0.33204746	-0.3571868	-0.2811657	0.3709379	-0.31508586	0.3259419	-0.36523274	0.34601504	0.30119103	-0.3186087
-0.35893267	-0.3989742	0.3423736	0.43216342	0.37474757	-0.39472824	0.36355558	0.38164407	0.36662033	-0.4383931	0.4246295	-0.41194645	0.4431609	-0.40763757	-0.41647252	0.35420966
0.15758304	0.16900171	-0.13966925	-0.12559702	-0.13288563	0.10243784	-0.09890634	-0.14988597	-0.08534264	0.2064209	-0.08900108	0.09196344	-0.12957847	0.089005336	0.09267194	-0.14223775
-0.13543986	-0.115886025	0.13321573	0.15236971	0.14161468	-0.16850153	0.07140802	0.17947978	0.14101517	-0.11656455	0.12601022	-0.12694183	0.12264046	-0.09020257	-0.13589601	0.12857069
0.159446	0.19294955	-0.1467175	-0.15221274	-0.23162504	0.1760538	-0.14475313	-0.17503479	-0.18830933	0.19690137	-0.20624603	0.23613538	-0.23404974	0.2194418	0.20083845	-0.24362762
0.03484451	0.041814517	0.01639936	0.006120265	-0.041173708	-0.021386359	-0.011708838	-0.043581747	0.020568848	0.03108926	0.04878578	0.00968632	0.020299383	0.0328504	-0.0003471839	0.009434572
0.03354029	0.046084132	0.054445926	0.016007181	-0.025369033	0.008931668	0.0076827053	0.044814583	0.005658064	-0.0030581169	0.04899885	0.039013866	0.02846756	-0.005920319	-0.053241167	0.041216042
0.48714083	0.49347043	-0.48042694	-0.46004063	-0.425456	0.5291159	-0.48003188	-0.5433749	-0.4728163	0.5586111	-0.5065894	0.52161026	-0.50085	0.474583	0.4748528	-0.49309137
0.18662354	0.22336952	-0.13703111	-0.13386317	-0.17907706	0.14631344	-0.21265489	-0.16377379	-0.20948966	0.18156934	-0.19135934	0.15773651	-0.20932262	0.18395045	0.18428566	-0.20607215
-0.6761058	-0.63484	0.66765934	0.6610304	0.59180444	-0.69573736	0.6564664	0.6816795	0.64750224	-0.7809978	0.67134786	-0.666143	0.731157	-0.68578166	-0.64652544	0.6414443
-0.21680517	-0.26981708	0.14799097	0.18995734	0.24549997	-0.24476835	0.1227404	0.23561814	0.20411779	-0.22581497	0.21125403	-0.26767415	0.23539746	-0.1846063	-0.17158948	0.24862857
-0.032528706	-0.051302243	0.03405076	0.05652329	0.048168194	-0.05454759	0.014209306	-0.0044482993	-0.0023470826	0.012947986	0.020636946	-0.017861137	0.02123057	-0.05115543	-0.042425662	0.08037005
0.13786651	0.11766486	-0.03525975	-0.077886425	-0.053260352	0.06899528	-0.08326184	-0.11688789	-0.03721772	0.12808834	-0.04314104	0.0659097	-0.084880516	0.0368918	0.12943757	-0.09795592
-0.13715568	-0.13044159	0.0968987	0.16283444	0.07110977	-0.09991224	0.13414523	0.16383296	0.16987701	-0.15994036	0.08471047	-0.15454194	0.09907503	-0.09432008	-0.08695961	0.17222859
-0.0024455015	-0.018802961	0.01922868	0.045019314	-0.0024322825	0.035692602	-0.0640089	-0.048660778	0.007658579	-0.035476767	0.047266375	0.034044683	-0.036905654	0.008413972	0.043740153	0.026356554
0.24600308	0.20987113	-0.21828611	-0.21907547	-0.21646544	0.1843515	-0.19492097	-0.24486578	-0.26701254	0.254372	-0.21076591	0.24946125	-0.252825	0.18574935	0.17891769	-0.20505238
0.035025932	0.038943518	-0.047939923	-0.023242222	-0.07075583	0.017479964	0.018795766	-0.06945038	-0.027194167	0.011315476	-0.051001284	0.08230873	-0.023590121	0.008223029	0.09632969	-0.08695721
-0.4151046	-0.43581212	0.32849345	0.37958544	0.35897842	-0.36692154	0.32899022	0.37962633	0.41187748	-0.45598143	0.33400923	-0.39905748	0.38378856	-0.3764175	-0.3661423	0.4004298
0.07288605	0.037506945	-0.037497647	-0.07509322	-0.04391952	0.08888943	0.006629722	-0.04670621	-0.039356127	0.054427806	-0.039106853	0.07720263	7.940515e-05	0.05089785	0.07504253	-0.093612656
-0.0850932	-0.15715256	0.16298021	0.07705375	0.15217043	-0.122215495	0.18978447	0.094675034	0.074479945	-0.1598429	0.16718261	-0.14214897	0.14942035	-0.1488887	-0.12815699	0.08358664
-0.18654883	-0.17777742	0.18441115	0.13898909	0.1853806	-0.19290216	0.16194415	0.20265009	0.11062292	-0.14815818	0.14101274	-0.19183245	0.19548264	-0.16568726	-0.19651996	0.16246751
0.09188117	0.08945076	-0.032898985	-0.024993094	-0.04406314	0.09867949	0.015532346	-0.070264675	-0.014256233	0.060673058	-0.028713576	0.095592044	-0.08892797	0.086771645	0.035732783	-0.062411927
-0.11572598	-0.08296317	0.14812563	0.15907308	0.09806024	-0.1343554	0.06129282	0.08082793	0.12537417	-0.09758341	0.13030566	-0.120771214	0.12552667	-0.1327981	-0.11382288	0.16149324
-0.18566577	-0.20283094	0.20119305	0.21467991	0.2154048	-0.16422632	0.23111197	0.22457491	0.20322908	-0.16974153	0.16766892	-0.15799852	0.15303373	-0.19664355	-0.22088471	0.16940509
0.09957186	0.042025663	-0.041157033	-0.04555904	-0.0150350835	0.028845755	0.038129363	-0.044838764	-0.0787959	0.064981006	-0.025612682	0.11156714	-0.10226621	0.05447207	0.088339634	-0.05272597
0.00037144934	-0.009509464	-0.02540983	0.008901431	-0.00039208797	0.005381197	-0.008011817	0.0036956572	-0.049660012	-0.01293004	-0.015875459	0.07191929	-0.03443928	0.0036243526	0.03469864	0.015982077
0.4056978	0.35162476	-0.31088996	-0.32386142	-0.38616255	0.37454605	-0.33039176	-0.3708213	-0.41645837	0.39832792	-0.33286494	0.4380788	-0.3993343	0.34297532	0.3509168	-0.33777887
0.05917272	0.039069694	-0.1115206	-0.065266795	-0.03907916	0.12999524	-0.10062773	-0.14389831	-0.081123605	0.09000197	-0.13034584	0.09218343	-0.07000681	0.11309389	0.1019081	-0.12696278
0.18234783	0.20569338	-0.20430419	-0.14507575	-0.15715146	0.1723904	-0.1700704	-0.2593043	-0.15261354	0.22912271	-0.22218728	0.19447543	-0.23085622	0.22838606	0.23355703	-0.21687074
0.05990413	0.078544624	-0.064007394	-0.10155133	-0.097830266	0.06737622	-0.14386109	-0.027300421	-0.079793625	0.045353424	-0.012102785	0.01906306	-0.027847087	0.058945533	0.018697102	-0.008092674
0.063433275	0.14578202	-0.12898928	-0.09850233	-0.10243513	0.1419657	-0.060705412	-0.09348014	-0.056048423	0.067734115	-0.0744226	0.14369763	-0.089476354	0.062248494	0.1246749	-0.072402194
-0.07864616	0.0047057495	0.055471964	-0.008074598	0.0023847136	-0.039075956	0.06156897	0.0070597404	0.0072635263	-0.08322275	0.07879964	-0.030998673	0.08061947	0.007239576	-0.029110882	0.049830724
-0.11549883	-0.12866004	0.118905954	0.11733782	0.1554276	-0.16023105	0.115769766	0.14718515	0.13803124	-0.20372579	0.11310629	-0.1297438	0.12896962	-0.18760905	-0.11249378	0.1714309
0.8350201	0.8840776	-0.88006306	-0.8049339	-0.7982135	0.8405928	-0.9186726	-0.95184195	-0.84410834	0.97338665	-0.79359764	0.93897974	-0.902018	0.86431414	0.8579842	-0.8508185
0.19001687	0.220265	-0.23261012	-0.25263938	-0.2264563	0.21442796	-0.2120328	-0.20859937	-0.25496593	0.19455141	-0.19953854	0.21306771	-0.23109019	0.1804044	0.2634336	-0.25562662
-0.01030294	0.07340227	-0.08084275	0.007444996	-0.023199622	0.07985609	-0.054384593	-0.08000243	-0.0047643073	0.078316756	-0.021026902	0.060335163	-0.048388463	0.056196466	0.06797249	0.0042884555
0.8028952	0.8173762	-0.76964724	-0.7191205	-0.7456583	0.73044455	-0.817385	-0.8762222	-0.8110823	0.8643365	-0.7531316	0.7990683	-0.8668043	0.77075374	0.8199194	-0.76098347
0.17743033	0.16662571	-0.1858891	-0.12892279	-0.17450288	0.19965816	-0.16660474	-0.18567704	-0.14477761	0.15062506	-0.11431142	0.13316804	-0.14020267	0.18161073	0.1367941	-0.16423972
0.036996543	-0.015850658	-0.028860241	-0.003925673	-0.008677418	0.019697182	-0.025953779	-0.010578522	-0.012266465	0.005421964	-0.06233903	-0.016122108	-0.059353642	0.05914234	0.006809449	-0.05932288
0.038818043	0.028392628	-0.10899196	-0.064695604	-0.021461943	0.018292986	-0.016319621	-0.08092055	-0.09846962	0.041599173	-0.0870729	0.06355258	-0.08974087	0.04907833	0.02348667	-0.0832159
0.669111	0.67875993	-0.6483407	-0.6582456	-0.63074905	0.6319786	-0.6208283	-0.6633236	-0.6325617	0.7186364	-0.61266285	0.6816651	-0.6603439	0.58347636	0.62368405	-0.6804799
-0.18598396	-0.13552767	0.16511513	0.09665618	0.16013889	-0.13722831	0.14605017	0.1255164	0.20091371	-0.17801532	0.19410749	-0.19062842	0.13453814	-0.19202657	-0.14195615	0.16294248
0.5466865	0.48978838	-0.54486185	-0.5225388	-0.4444632	0.55645245	-0.48804128	-0.5470193	-0.5023522	0.5162738	-0.47680497	0.5869263	-0.51649874	0.46063238	0.47825488	-0.49902907
0.033962537	0.0818578	-0.09835364	-0.09896398	-0.12799223	0.037651736	-0.084097065	-0.1211743	-0.09908127	0.08364018	-0.10104295	0.05933152	-0.052968707	0.049216893	0.09954932	-0.11141051
-0.13157748	-0.21495861	0.175027	0.1497478	0.12787442	-0.1410267	0.17807607	0.13179591	0.13224937	-0.20334095	0.14960763	-0.2181214	0.1694275	-0.18139598	-0.16301262	0.12822847
-0.66059154	-0.70522577	0.6130804	0.6354536	0.6049103	-0.70806736	0.655376	0.7144323	0.656698	-0.77936286	0.6348414	-0.73901194	0.78491783	-0.6462297	-0.68854386	0.7112933
0.84162503	0.80440146	-0.75084674	-0.750224	-0.76527584	0.8449742	-0.83428705	-0.9046387	-0.7849292	0.9224332	-0.72819394	0.88252527	-0.8999493	0.7696305	0.775817	-0.81926984
0.14125559	0.12933375	-0.15299043	-0.09263299	-0.15179773	0.13419326	-0.08944188	-0.1704531	-0.094059624	0.15857227	-0.11307536	0.11667977	-0.17877966	0.14865229	0.13802372	-0.1614527
0.3157231	0.35057363	-0.3288115	-0.2860295	-0.24179673	0.3134399	-0.33025134	-0.35954577	-0.32980582	0.32563922	-0.28852487	0.32434115	-0.2839695	0.29678985	0.26764908	-0.32234064
-0.3968322	-0.4099735	0.3811506	0.33217072	0.3693961	-0.41638952	0.3922429	0.41743395	0.37992424	-0.45808858	0.36299753	-0.40806493	0.4229909	-0.36011162	-0.44423434	0.42716846
0.36203673	0.31826052	-0.32708874	-0.31608695	-0.27858335	0.34399423	-0.2794965	-0.3683605	-0.3534592	0.33683792	-0.27045488	0.35530728	-0.40426633	0.33775428	0.29457337	-0.37143627
0.31211343	0.25193244	-0.20603889	-0.2864741	-0.2489487	0.2372922	-0.2820942	-0.29991746	-0.25442424	0.32444376	-0.31076503	0.28309515	-0.300465	0.3003432	0.25622755	-0.26791763
-0.035725635	-0.024087952	-0.0029979565	0.03867492	0.034557123	0.012489185	0.078074045	0.06437302	-0.0007535629	-0.08538533	0.01408779	-0.06530595	0.077029616	-0.08179489	-0.023718197	-0.001984742
-0.2755127	-0.2774655	0.26738074	0.28014734	0.19293961	-0.21201319	0.2464346	0.26098576	0.21409246	-0.30614966	0.2169234	-0.2176259	0.24795097	-0.24397933	-0.2131308	0.20493221
-0.07262108	-0.16893907	0.07197264	0.13617107	0.13247454	-0.13567711	0.071773335	0.06978183	0.091180064	-0.12296755	0.097788915	-0.09093951	0.15709528	-0.16338493	-0.087110355	0.14401782
0.048062406	0.070458874	-0.06068354	-0.025200522	-0.05190289	-0.0014126967	-0.05159765	-0.04892489	-0.07397171	0.035553027	-0.008371561	0.041264888	-0.0582266	0.011842567	0.015765732	-0.04413814
0.10528885	0.038442165	-0.12322867	-0.09249539	-0.071351394	0.08264949	-0.086834274	-0.06744051	-0.04990529	0.054197818	-0.029902281	0.048997276	-0.12377219	0.09312246	0.09714854	-0.11179914
-0.26040858	-0.21878524	0.25411972	0.23857373	0.2741133	-0.26808944	0.15611814	0.21285513	0.20006642	-0.21005102	0.22062942	-0.24369691	0.20715721	-0.22701603	-0.23812632	0.23466966
-0.03808825	0.0013181495	0.018466579	0.050327905	-0.008863101	-0.07846204	0.095560275	0.056920804	0.060870554	-0.06920367	0.064402424	0.009133698	0.05916001	-0.03266326	-0.003850888	0.0744053
0.3159585	0.29646617	-0.24425256	-0.3259161	-0.3075379	0.27706784	-0.20979981	-0.30679256	-0.34306636	0.30931547	-0.2846467	0.28380102	-0.29214984	0.27209604	0.33756447	-0.2485877
-0.21397094	-0.21236047	0.22792727	0.27527404	0.22312951	-0.24286374	0.2757627	0.32255295	0.20056419	-0.2849742	0.24478793	-0.30307165	0.24735276	-0.27124748	-0.2374111	0.21522929
-0.1922089	-0.13135375	0.15631492	0.1989242	0.15811567	-0.13761316	0.10724709	0.13291606	0.1833586	-0.16873462	0.18166257	-0.17432423	0.14660053	-0.12296879	-0.10921875	0.15240484
0.7781409	0.7717737	-0.77049625	-0.78926295	-0.7027147	0.723668	-0.80867815	-0.8767618	-0.77981794	0.86080676	-0.75166786	0.8493595	-0.8295028	0.7053904	0.8122986	-0.7575565
-0.42111775	-0.4430994	0.4339684	0.4363448	0.3679221	-0.39820442	0.3998642	0.44487682	0.47579902	-0.5109469	0.42692867	-0.4510115	0.4208876	-0.42703062	-0.39278835	0.4372759
-0.15894213	-0.089453116	0.12417015	0.12073479	0.07784668	-0.099891305	0.046839062	0.09746751	0.08920683	-0.17760372	0.109971635	-0.12747459	0.14085652	-0.078620955	-0.09983724	0.15966709
0.9165886	0.9360647	-0.92119896	-0.8373814	-0.85225284	0.8373325	-0.95918506	-0.93784726	-0.8704369	1.002742	-0.8886827	0.88623685	-0.9373527	0.8220265	0.89972097	-0.8959513
-0.23360234	-0.21698621	0.22034886	0.21871121	0.13868777	-0.2073035	0.14627157	0.1914609	0.17218247	-0.23948167	0.17895308	-0.2085344	0.21729746	-0.18204191	-0.23434374	0.1800834
-0.49569854	-0.5259197	0.50651413	0.42290235	0.4237099	-0.47280002	0.45718017	0.5221208	0.47070086	-0.5587996	0.49141008	-0.5415255	0.45541126	-0.46146268	-0.5045405	0.46788737
0.023676177	0.0034264496	-0.086454794	-0.024003642	-0.017836062	0.049093083	-0.067914315	-0.020764625	-0.035462473	0.07407722	-0.04258673	0.09116631	-0.061916023	0.056498293	0.03905318	-0.0027963314
-0.27434513	-0.27411485	0.26245114	0.18339853	0.2147594	-0.22433625	0.17780817	0.24409163	0.19178034	-0.27252126	0.20881312	-0.25965172	0.26839173	-0.18445538	-0.1962551	0.2682556
0.013545646	-0.067239165	0.032356936	-0.00506485	0.063004956	-0.05516004	0.07472477	0.07313305	0.04964806	-0.031873092	0.02166694	-0.06558602	0.058326405	-0.0022222702	-0.04899898	-0.0027539488
-0.034863498	0.044574413	-0.0013089364	-0.036512792	0.018816968	-0.011740801	-0.00082802784	-0.045365054	-0.0068666064	-0.007893185	0.038988993	-0.0013727495	-0.025393337	-0.040307157	-0.0042797104	-0.03034
-0.19700466	-0.26657212	0.21914758	0.2395324	0.24598014	-0.22041702	0.13645549	0.20564383	0.22104388	-0.19969258	0.19247791	-0.2680742	0.243064	-0.22480734	-0.23553276	0.2385782
0.18298729	0.20105055	-0.22182031	-0.19054174	-0.23222485	0.18778256	-0.16904286	-0.23536634	-0.24713089	0.25401795	-0.24570678	0.2071938	-0.26550204	0.20129444	0.24205206	-0.20379037
-0.5087319	-0.484146	0.46500352	0.50823575	0.44694299	-0.5053512	0.49476317	0.5901131	0.50438315	-0.5185005	0.52651304	-0.5357557	0.54249424	-0.5059147	-0.52263564	0.52086765
0.11205053	0.15742452	-0.19033036	-0.17102423	-0.1821067	0.16142103	-0.19025566	-0.18699788	-0.1685976	0.2418475	-0.101586334	0.17529273	-0.13947242	0.18069282	0.19652086	-0.11433657
-0.06862201	-0.12868045	0.03270626	0.089739226	0.09032453	-0.11510726	0.06428537	0.06945397	0.11343806	-0.12743756	0.07570704	-0.08207824	0.086302586	-0.07383583	-0.087576814	0.04046282
-0.22873993	-0.23656148	0.24559829	0.23300828	0.2095571	-0.27805355	0.2560334	0.30998227	0.23304652	-0.3376841	0.28856263	-0.26500034	0.2659259	-0.28014314	-0.25467423	0.2935184
0.24709892	0.25187775	-0.22550663	-0.18198682	-0.16207625	0.23009393	-0.14710517	-0.20194352	-0.20284382	0.23466323	-0.16569482	0.23820148	-0.18343787	0.23169811	0.21594675	-0.19757925
0.107073985	0.1250151	-0.121452115	-0.13411756	-0.13557713	0.14713198	-0.037374813	-0.08753999	-0.081527404	0.15197802	-0.062649265	0.14008383	-0.08165844	0.15139912	0.14319125	-0.10895411
-0.1330797	-0.06770851	0.059459064	0.0966982	0.046532024	-0.10942887	0.16865222	0.06331372	0.06610443	-0.1499413	0.1154843	-0.11837284	0.08859114	-0.055134088	-0.13872358	0.09603857
-0.1607446	-0.14443484	0.15619382	0.09767015	0.16656667	-0.15403558	0.2151934	0.12049137	0.0894033	-0.095130034	0.085886985	-0.15077814	0.17044774	-0.14367859	-0.15968287	0.09798929
0.43031415	0.47668996	-0.41723457	-0.48707238	-0.41473532	0.4497796	-0.5143216	-0.49194604	-0.49095786	0.5310551	-0.4363237	0.47670585	-0.48361948	0.4606616	0.50610393	-0.43768138
-0.28055435	-0.26475608	0.23069891	0.26932448	0.27748725	-0.22155306	0.235304	0.23192497	0.24379756	-0.26368305	0.26836976	-0.27755576	0.29989028	-0.2104137	-0.23041579	0.27509582
0.05434802	-0.0040754317	-0.06988853	-0.06602545	-0.055588625	0.025179727	0.011679198	-0.076686375	-0.043402497	0.095151916	-0.070363976	0.06281283	-0.07237402	0.012083129	0.053903457	0.0037071642
0.2636477	0.2420051	-0.19868766	-0.18216151	-0.16779058	0.20269266	-0.23412402	-0.23010407	-0.21065146	0.24427192	-0.2391168	0.27372834	-0.21335223	0.16345347	0.20703775	-0.17479004
-0.10869671	-0.09813607	0.12123147	0.11357115	0.075575374	-0.113782704	0.12876405	0.12890752	0.05800139	-0.06478409	0.058355678	-0.08048149	0.13260822	-0.07847996	-0.07488962	0.10359063
0.24845113	0.2392513	-0.2101616	-0.21656866	-0.25881633	0.26213607	-0.24243863	-0.21401912	-0.20966831	0.2612626	-0.1923614	0.249211	-0.2916072	0.21991305	0.26113638	-0.23955707
0.4605656	0.5369679	-0.5047629	-0.50655514	-0.5233858	0.51288253	-0.54333705	-0.54889995	-0.48472968	0.56729966	-0.48854646	0.5017706	-0.5139642	0.44907114	0.4638034	-0.5186973
-0.19729078	-0.2163225	0.21774419	0.22682881	0.16389634	-0.19907477	0.19034882	0.23614219	0.2081471	-0.23774955	0.14945209	-0.16739996	0.179578	-0.2090765	-0.18089841	0.20530093
0.39832813	0.4339808	-0.398563	-0.43585616	-0.40415084	0.4484688	-0.4607915	-0.41986516	-0.44229698	0.47147927	-0.42322358	0.45186082	-0.47342116	0.35433653	0.36832902	-0.41922188
0.10690186	0.0906334	-0.09037386	-0.088885725	-0.12742677	0.13610503	-0.12963764	-0.13503443	-0.16519067	0.1436949	-0.08404846	0.1614273	-0.13521351	0.12652361	0.08760327	-0.119440004
-0.122772984	-0.12065685	0.078274794	0.036233928	0.069003224	-0.108262084	0.080885045	0.08408658	0.057571273	-0.11544629	0.10148053	-0.13776651	0.112088315	-0.083871804	-0.06679809	0.13234092
-0.10781162	-0.11420065	0.06949815	0.1435712	0.11826962	-0.12032818	0.055448625	0.15992491	0.10899473	-0.11508181	0.07385271	-0.13053107	0.10247232	-0.071068265	-0.08259079	0.09491915
0.27266538	0.27689075	-0.2587337	-0.21700796	-0.19956385	0.23090377	-0.30871776	-0.31554905	-0.2145021	0.292818	-0.2867123	0.2901541	-0.24316533	0.20454402	0.2711911	-0.21219443
-0.056738164	-0.02618013	0.060167834	0.0091961	-0.021841802	0.0049851146	0.00761167	0.020073347	0.08062855	0.0009975525	-0.0006663269	0.0018337737	0.029512128	0.015818125	0.016156515	0.004886206
-0.14753161	-0.19046412	0.12057367	0.112389736	0.13618346	-0.18343171	0.20310818	0.2209574	0.13479091	-0.20973419	0.19218917	-0.20427777	0.21753037	-0.14093268	-0.1962947	0.18722332
0.16835181	0.17589924	-0.16991974	-0.19526023	-0.18466344	0.17212792	-0.16196549	-0.19020112	-0.14462428	0.14601758	-0.13366993	0.13697343	-0.1345335	0.1547156	0.14366844	-0.16507542
-0.07486975	-0.10970722	0.033934344	0.042463455	0.113054946	-0.07946524	0.09322302	0.07739998	0.12472895	-0.06822514	0.037839662	-0.047886636	0.09137811	-0.116230726	-0.09003149	0.08373173
-0.06553349	0.0009652534	0.050004974	0.03255343	-0.0063823937	0.00201027	-0.021446101	0.027071755	0.0027285134	-0.037196655	0.07660957	-0.011073552	0.02167519	-0.06580738	-0.016371522	0.039407954
0.23799033	0.21562174	-0.2891717	-0.24968064	-0.25286633	0.26016182	-0.33231312	-0.32199436	-0.24810362	0.26773566	-0.25727168	0.30292264	-0.24568976	0.25926766	0.2464446	-0.23189446
0.2757813	0.2596127	-0.29780522	-0.2969085	-0.2886057	0.28204882	-0.22072221	-0.32720703	-0.2731329	0.2759998	-0.21494098	0.28644094	-0.308153	0.23638828	0.3085482	-0.29679278
-0.30707026	-0.309053	0.26570037	0.27203876	0.22259502	-0.2389521	0.26622775	0.3180611	0.28781873	-0.3065915	0.2671908	-0.33633348	0.25610796	-0.2652177	-0.3045823	0.29279378
0.84208405	0.85074264	-0.74766654	-0.79317236	-0.76999843	0.80416167	-0.86075866	-0.91011864	-0.83554953	0.91352576	-0.7712891	0.82752776	-0.921769	0.81602544	0.81240004	-0.82348037
0.19225611	0.22273436	-0.15523235	-0.21742074	-0.12717289	0.22622153	-0.17569773	-0.19509594	-0.23154022	0.23620485	-0.17501624	0.21515058	-0.22305024	0.19434156	0.16031882	-0.22088955
0.42485985	0.37035882	-0.3828808	-0.40761477	-0.37686017	0.40698406	-0.38902506	-0.42868367	-0.39353648	0.3985322	-0.34505263	0.36767533	-0.434723	0.38814887	0.40660122	-0.37130493
-0.55693215	-0.6231533	0.5974806	0.5174873	0.57009083	-0.5313836	0.58891207	0.6280794	0.53282666	-0.5984481	0.53537923	-0.60553527	0.6221344	-0.57721025	-0.53909403	0.54135454
0.12512334	0.04351715	-0.0860886	-0.060340118	-0.03456176	0.0998192	-0.07752861	-0.075737	-0.09029973	0.05381884	-0.036360707	0.12839413	-0.040836375	0.124631755	0.10388153	-0.03104704
0.21334636	0.20300996	-0.19481754	-0.1484028	-0.20790978	0.17623192	-0.15892391	-0.22671683	-0.14049228	0.23988649	-0.1811905	0.22488236	-0.20358251	0.16448979	0.19649823	-0.1873241
0.5539907	0.55071664	-0.5552998	-0.589771	-0.561425	0.5648617	-0.65512115	-0.6106624	-0.5810583	0.6309065	-0.54291224	0.627989	-0.66547704	0.54741746	0.59018177	-0.600505
-0.1102994	-0.18577948	0.13573523	0.19544452	0.15820646	-0.1523979	0.119038515	0.18341222	0.11566732	-0.13412262	0.16885796	-0.18030593	0.19130461	-0.10811632	-0.16300176	0.1670601
-0.112761475	-0.07817376	0.062235944	0.068773106	0.02848389	-0.024675617	0.072853535	0.08908917	0.03080568	-0.1049497	0.059818957	-0.12135837	0.017798051	-0.060764506	-0.08057159	0.092135444
0.27201968	0.34586573	-0.2926217	-0.3029466	-0.27080128	0.35215986	-0.27009428	-0.30532426	-0.33694944	0.32248035	-0.2896432	0.34411383	-0.29513964	0.27109903	0.31395876	-0.28998247
-0.06779021	-0.094574995	0.07733988	0.07524592	0.014967757	-0.036629554	0.01847842	0.034113213	0.023143316	-0.103144206	0.05177493	-0.106770284	0.05661365	-0.047088955	-0.04068233	0.09329138
-0.17563108	-0.11951982	0.13744465	0.12714611	0.15463491	-0.082808234	0.22314498	0.12687059	0.13765775	-0.15142359	0.11267793	-0.12834822	0.09515305	-0.14365098	-0.14468901	0.08724607
0.3973617	0.38657036	-0.2917787	-0.37823287	-0.32781437	0.3469848	-0.30709282	-0.405323	-0.37767217	0.3482511	-0.3265769	0.3673191	-0.36313373	0.2981409	0.34691644	-0.34033102
0.30553433	0.2506654	-0.27278677	-0.24003275	-0.31845087	0.29893872	-0.2685064	-0.28353354	-0.3147091	0.34045824	-0.27020136	0.3070124	-0.3508235	0.28694922	0.34037724	-0.26178873
-0.08472656	-0.17114538	0.083390765	0.08803776	0.104014404	-0.08560667	0.05689125	0.16930716	0.08708305	-0.11844041	0.15619598	-0.12470013	0.13263741	-0.13877763	-0.13287158	0.0900607
-0.2619056	-0.24356447	0.23077425	0.2753891	0.2082527	-0.2532334	0.24365479	0.26462322	0.25040466	-0.29401055	0.26174033	-0.24872956	0.23753844	-0.26998016	-0.22826126	0.2515619
0.08237112	0.069587976	-0.018916821	-0.005852563	-0.023699734	0.015551568	-0.03386012	-0.057249594	-0.06861396	0.05514585	-0.08757676	0.02819659	-0.015213606	0.05178446	0.00025632873	0.0046211714
0.259752	0.24900255	-0.31001413	-0.3127815	-0.30380076	0.30327246	-0.2541639	-0.30630994	-0.3013577	0.31150186	-0.27785006	0.2780044	-0.33995724	0.2635056	0.2802771	-0.2809262
0.14287423	0.20657645	-0.104270935	-0.121709265	-0.11280679	0.19876625	-0.14373885	-0.12533599	-0.13876876	0.1843566	-0.14386739	0.15947352	-0.19489995	0.15499114	0.13380125	-0.14201221
0.34944847	0.31314617	-0.29233003	-0.29029363	-0.2682823	0.37522876	-0.33163825	-0.39347756	-0.3252356	0.3576866	-0.2837716	0.32295257	-0.33816218	0.34089807	0.30301514	-0.35079688
0.32844087	0.27221453	-0.2333569	-0.2825904	-0.32170138	0.3293327	-0.29136655	-0.3148954	-0.25034177	0.36807778	-0.2637949	0.2723209	-0.3214931	0.2740713	0.28307527	-0.3151231
-0.34509036	-0.29557797	0.26625612	0.30414584	0.288783	-0.3376898	0.3010177	0.34228235	0.3280042	-0.33770072	0.27887124	-0.3622166	0.3363359	-0.31024134	-0.34169215	0.2991944
-0.07744052	-0.08996719	0.079639405	0.09731325	0.08702549	-0.09154872	0.018151676	0.100055575	0.12088204	-0.079813436	0.11642925	-0.09868293	0.1385523	-0.087492436	-0.12069117	0.11786985
-0.1050514	-0.15043004	0.09962642	0.073372245	0.11277437	-0.15984336	0.047257967	0.13397764	0.12845494	-0.13600044	0.1417574	-0.13126618	0.12549943	-0.14469329	-0.08021128	0.15606306
-0.22845367	-0.25188625	0.23631504	0.23447436	0.22761157	-0.20851913	0.21412261	0.25967094	0.24080029	-0.27585182	0.24489692	-0.23877794	0.2537824	-0.23231125	-0.26007757	0.23009057
0.07758976	0.10438773	-0.14581919	-0.15233943	-0.09366718	0.15930092	-0.20741442	-0.14605463	-0.13400778	0.1228141	-0.07549104	0.1440104	-0.17065889	0.09046939	0.15345906	-0.06053936
-0.05855551	-0.09805708	0.061177187	0.057702318	0.08175526	-0.09164336	0.035574276	0.09616756	0.052445218	-0.14412528	0.11096921	-0.101472594	0.069796145	-0.100053035	-0.13236097	0.093096934
-0.020784426	0.019307181	-0.009336479	-0.0012430721	-0.007878446	0.033222638	0.05070386	-0.03007637	0.04844409	-0.042672466	-0.0020338758	0.031802826	-0.015964318	-0.023737704	0.0018401954	0.053737126
-0.1441956	-0.15945956	0.06517088	0.102146395	0.14751674	-0.12831582	0.1352996	0.0752867	0.08315617	-0.11269486	0.09822406	-0.16302527	0.077766605	-0.103621826	-0.060501594	0.1438533
-0.5623022	-0.5580379	0.48711947	0.50816077	0.55100316	-0.5170515	0.5380928	0.582906	0.588342	-0.64066243	0.5295605	-0.5898842	0.5335853	-0.5194609	-0.55686337	0.534088
-0.17864217	-0.1458871	0.17279425	0.14174348	0.14291772	-0.12931456	0.09909991	0.20340638	0.16047648	-0.15842958	0.1718546	-0.18583837	0.16065158	-0.19729969	-0.10799788	0.19669989
0.14799622	0.15348028	-0.07136081	-0.08848855	-0.14495139	0.13051817	-0.10567003	-0.16212282	-0.1345141	0.12421246	-0.15567781	0.09887652	-0.12879895	0.09734368	0.15865348	-0.15357602
0.68528473	0.63144803	-0.6196579	-0.65754473	-0.59711385	0.59877294	-0.6688806	-0.70969206	-0.62941504	0.7517207	-0.5817195	0.6410679	-0.70940274	0.6228132	0.6607064	-0.6239157
-0.18931617	-0.11352831	0.123422995	0.13017154	0.15287568	-0.17950279	0.13210139	0.1557402	0.10545806	-0.1392253	0.109832995	-0.15067296	0.18046436	-0.09232409	-0.12424694	0.1015254
0.14470637	0.18118781	-0.08367106	-0.17301139	-0.09448911	0.08777791	-0.09536561	-0.10493363	-0.18001744	0.1597894	-0.14136204	0.164016	-0.1638511	0.12454046	0.13598317	-0.14130142
-0.20493111	-0.22709253	0.25630048	0.19816181	0.22208174	-0.25873297	0.2017338	0.25867525	0.28393117	-0.27103665	0.217311	-0.20715405	0.22545005	-0.28044942	-0.23181511	0.21703754
0.44592118	0.42405692	-0.43820494	-0.42680183	-0.46781844	0.4629388	-0.47865728	-0.55271	-0.42443505	0.5128092	-0.4200559	0.5019429	-0.5121401	0.4784473	0.46866333	-0.46515614
-0.07810174	-0.01830264	0.014506655	0.007563181	0.06456508	-0.00805677	0.03151941	-0.0011925115	0.066253565	-0.071220554	0.08897092	-0.026661148	0.0049153557	-0.08265643	-0.0584417	0.055439804
0.33801886	0.34223256	-0.23571914	-0.29440367	-0.2330057	0.33060664	-0.24409246	-0.2996478	-0.29059002	0.3774575	-0.27498883	0.3265762	-0.36017072	0.31907037	0.25671622	-0.3281758
-0.24200061	-0.2889043	0.20607865	0.23072562	0.18099977	-0.2643595	0.18941829	0.2970473	0.22914532	-0.31000668	0.2801325	-0.29534227	0.2883666	-0.21466318	-0.20536962	0.2634326
0.09084247	0.08474284	-0.05865617	-0.11222829	-0.038329918	0.054144066	-0.063960664	-0.082813	-0.04483282	0.13152413	-0.09785445	0.110479146	-0.09219694	0.06395768	0.13117571	-0.0849084
-0.2828727	-0.29418105	0.26494667	0.28694585	0.26862696	-0.31032696	0.25486365	0.2641044	0.3353702	-0.3019006	0.30394506	-0.3172968	0.32220396	-0.32550833	-0.33196643	0.30478972
0.048323337	0.043505244	-0.030601755	-0.05076481	0.0065922188	0.021291362	-0.0133067	0.027457114	0.026881713	0.063770816	0.009087971	-0.044647425	-0.04601866	-0.03385976	0.058081545	0.003983408
-0.29704797	-0.37005416	0.33134463	0.33677104	0.26013312	-0.29463136	0.29142335	0.29168105	0.3184712	-0.30915308	0.25707412	-0.37955862	0.35206726	-0.25878748	-0.3214466	0.27108875
-0.31925252	-0.33123893	0.29253647	0.2695942	0.22119129	-0.271501	0.26475498	0.28698364	0.3294751	-0.28553656	0.27138478	-0.30431315	0.370574	-0.2540288	-0.2958234	0.3116115
-0.1653168	-0.2205459	0.16704497	0.22552885	0.22377415	-0.21217118	0.2333839	0.23397832	0.16001703	-0.1620444	0.13253854	-0.17439969	0.20200427	-0.23158914	-0.21968348	0.20650998
-0.3609425	-0.37954953	0.32512894	0.41002887	0.38934967	-0.39892048	0.32356837	0.34317496	0.32600817	-0.4104441	0.31417626	-0.34550586	0.3490924	-0.35758695	-0.33814564	0.37835833
0.27596816	0.28229555	-0.3079967	-0.29614133	-0.2311166	0.2989447	-0.29078645	-0.25647336	-0.22645077	0.3201203	-0.22963445	0.33921677	-0.3109432	0.23419401	0.2334091	-0.22680856
0.29925326	0.2902405	-0.30815044	-0.27211457	-0.28081852	0.33861634	-0.28070298	-0.30322826	-0.28868276	0.3092417	-0.30582073	0.30878973	-0.32959187	0.32159135	0.31279984	-0.28991422
0.24468003	0.26974747	-0.27228466	-0.17144889	-0.23407832	0.26316112	-0.2638577	-0.22063833	-0.25566125	0.27133518	-0.20328587	0.2810951	-0.21108556	0.1828754	0.26038483	-0.24155931
0.30981326	0.2977614	-0.21147275	-0.24969569	-0.28569886	0.23500125	-0.27967724	-0.3337834	-0.28373516	0.35623616	-0.3047137	0.28454518	-0.2805629	0.2808634	0.2536963	-0.26404333
-0.0051493864	-0.054141864	0.0024068966	0.00086973445	0.0465179	-0.032869983	0.030855289	-0.015236838	0.038477544	-0.04799766	0.04291129	-0.013062215	-0.006144376	0.017170647	-0.032455403	0.06099561
0.27890295	0.22614552	-0.25851604	-0.21886547	-0.2456984	0.22962771	-0.23470734	-0.31511387	-0.30906475	0.31353298	-0.21732149	0.3167398	-0.29985586	0.20824035	0.28437364	-0.2468412
0.055876255	0.1119302	-0.11096457	-0.077513784	-0.11355849	0.14473176	-0.12612638	-0.102005675	-0.14399362	0.09811079	-0.0677468	0.12562764	-0.09669246	0.06484802	0.09229823	-0.06105579
0.0458615	-0.025055256	-0.0077263387	-0.020382067	0.035806358	-0.00034778516	-0.06321017	0.026873792	0.022020435	0.019192819	-0.0074440017	0.0013219016	0.06280429	-0.050723877	-0.00547903	0.059549216
-0.15725863	-0.12133784	0.13022871	0.16289969	0.1329107	-0.103885606	0.08389139	0.12981685	0.1333823	-0.13010581	0.14458752	-0.10698372	0.07656926	-0.08214378	-0.138221	0.13057597
0.065326296	0.019441525	-0.09931291	-0.02045776	-0.030428087	0.009478536	-0.1309617	-0.07080085	-0.06530699	0.121931925	-0.03451046	0.10003678	-0.09373471	0.054826293	0.06508746	-0.006125398
-0.60113466	-0.63341385	0.5672567	0.5302762	0.507688	-0.53986126	0.5760848	0.62018555	0.6078148	-0.6361466	0.59561586	-0.625898	0.58658785	-0.51150435	-0.5545512	0.5282892
-0.34972274	-0.34855548	0.37581044	0.33463734	0.348435	-0.40506202	0.41905195	0.40716067	0.3592573	-0.44226897	0.35953984	-0.43823972	0.40702456	-0.38267264	-0.3631394	0.4252694
0.08991213	0.110062726	-0.08978431	-0.08798261	-0.08957861	0.11261414	-0.070550196	-0.14818013	-0.06727363	0.064291045	-0.07796741	0.116778634	-0.14399198	0.13254148	0.13221411	-0.11992287
0.25688285	0.26079187	-0.2881031	-0.26562	-0.24917014	0.33137512	-0.33909997	-0.29478502	-0.25118953	0.36839905	-0.31047022	0.29267052	-0.27473015	0.29885322	0.28841728	-0.29205322
-0.09398269	-0.119875014	0.1137637	0.09656101	0.04544229	-0.072743215	0.11203381	0.04401693	0.035924114	-0.1048267	0.062955685	-0.0687003	0.073711134	-0.097587265	-0.12454676	0.027183386
0.089696504	0.046574887	-0.08956804	-0.043120675	-0.056142524	0.11198901	-0.02965333	-0.099314705	-0.072584875	0.06288862	-0.03373992	0.119084924	-0.044308256	0.03305554	0.12528503	-0.03620414
0.26303783	0.3465655	-0.34592664	-0.288933	-0.3206186	0.29426312	-0.35787356	-0.32846722	-0.2539722	0.36183694	-0.31622744	0.34117255	-0.3344852	0.30654877	0.26998848	-0.28336936
0.24943131	0.22074756	-0.26824853	-0.2564505	-0.22234862	0.18890458	-0.25470275	-0.2284675	-0.27457926	0.3012337	-0.26358008	0.26608476	-0.25253543	0.19635437	0.24905066	-0.19948274
-0.28646284	-0.31035334	0.30836162	0.24818277	0.3022152	-0.25227872	0.2981207	0.29195118	0.30232206	-0.34617397	0.22429729	-0.2708667	0.24576086	-0.2938332	-0.3076769	0.32328805
-0.14783107	-0.14226279	0.16409378	0.10693647	0.072365634	-0.09560681	0.07749426	0.11303416	0.17175995	-0.14117153	0.15325572	-0.180518	0.14786847	-0.15361498	-0.16091558	0.09363613
0.14364608	0.1589859	-0.16402838	-0.06303568	-0.11320487	0.1530213	-0.09205303	-0.16120122	-0.07478708	0.13355228	-0.07355491	0.15379703	-0.075516246	0.13142511	0.09385174	-0.13760768
0.030941844	0.06484611	-0.04694065	-0.033051252	0.031089101	-0.03368369	0.017780952	0.028591538	-0.040330883	0.002134513	-0.034975898	-0.0035830387	-0.017968994	0.056521963	0.022792546	0.014257481
0.21376175	0.21682625	-0.21641597	-0.22934671	-0.1819435	0.1731539	-0.29545465	-0.26836708	-0.19987637	0.20843714	-0.23789363	0.22916424	-0.19750348	0.20747922	0.23671131	-0.25147718
0.16818543	0.11697695	-0.16281793	-0.13490923	-0.17462282	0.16369411	-0.11752725	-0.12126331	-0.1458133	0.14141032	-0.13877237	0.16931438	-0.12753724	0.12272579	0.12473968	-0.14182022
0.20099835	0.20081702	-0.21163721	-0.18771623	-0.16698316	0.17027736	-0.2478576	-0.15846154	-0.15318924	0.24355549	-0.17058407	0.17495278	-0.16768898	0.19745262	0.1769667	-0.17678043
0.21038823	0.25068107	-0.22384709	-0.2517824	-0.21033798	0.1961949	-0.21196586	-0.27657285	-0.19642803	0.2729046	-0.17974192	0.26148334	-0.24185513	0.20677412	0.20120999	-0.27620542
-0.05594869	-0.08528589	0.026075307	0.054607905	0.026715267	-0.036404233	-0.03856075	0.026534518	0.034170955	-0.071341865	0.024586247	-0.08179137	0.10195215	-0.03759014	-0.0539241	0.043315202
0.14012855	0.090476446	-0.14017907	-0.110143065	-0.074097745	0.16927175	-0.14956942	-0.113378614	-0.11384364	0.16385587	-0.07159915	0.102968596	-0.09197886	0.10104514	0.15549077	-0.14818023
0.26119626	0.2551604	-0.20406482	-0.21394664	-0.25736806	0.23081416	-0.2673988	-0.21520066	-0.26044697	0.29101786	-0.24654724	0.2296021	-0.19531655	0.27734506	0.26135233	-0.18620344
-0.1772922	-0.20124102	0.2514624	0.17637041	0.21152414	-0.20585611	0.22924165	0.2314948	0.22534129	-0.25591698	0.23639107	-0.2697799	0.2421812	-0.19946286	-0.17923513	0.21478875
0.4121651	0.44447973	-0.43941846	-0.42311868	-0.38035926	0.40891775	-0.46169192	-0.44342396	-0.45968494	0.50708836	-0.41119927	0.4676303	-0.48345298	0.45306924	0.4194987	-0.44399855
-0.034887962	-0.053572923	0.056543466	0.005596801	0.09714984	-0.08866828	0.05960526	0.036549136	0.087865345	-0.08800106	0.022884263	-0.039378762	0.033280246	-0.038445987	-0.008437648	0.09726425
0.24925083	0.30057094	-0.30825728	-0.27426526	-0.21558891	0.2776285	-0.3165617	-0.3294074	-0.25857714	0.3168112	-0.26671198	0.28484312	-0.28524193	0.31450346	0.3284674	-0.31539795
0.5758002	0.6351825	-0.58728915	-0.52426577	-0.5900671	0.6174658	-0.5882455	-0.6474182	-0.5446572	0.6792096	-0.53693813	0.6340407	-0.5916808	0.54833734	0.6184361	-0.52952033
-0.15016904	-0.16761276	0.18642198	0.16733149	0.11376862	-0.14878415	0.17272305	0.15695567	0.189481	-0.12077476	0.0920962	-0.1812634	0.19693375	-0.1044303	-0.1922052	0.12971705
-0.29213357	-0.37280458	0.3599534	0.33230153	0.36233288	-0.30655718	0.35564572	0.35967422	0.3778916	-0.3260651	0.32841724	-0.31237566	0.37895194	-0.3741364	-0.35413417	0.32229137
0.21041736	0.2027509	-0.15321024	-0.21408446	-0.19742401	0.17464511	-0.14370382	-0.16160765	-0.15619615	0.22480734	-0.13440293	0.24393184	-0.2548822	0.23127562	0.15809347	-0.16872096
-0.010983335	-0.06415536	0.051040296	0.0672974	0.0149910655	-0.0642387	-0.003927803	0.04625709	0.017283155	-0.09744671	0.035838664	-0.06808005	0.03411169	-0.06263918	-0.056020632	0.07861017
0.46439767	0.4407086	-0.4973006	-0.49377823	-0.4072993	0.44446173	-0.45988265	-0.47613734	-0.4950979	0.53437555	-0.46619138	0.5252057	-0.4943871	0.46297744	0.45939526	-0.43787214
0.12916592	0.13336419	-0.19201803	-0.21284395	-0.20799023	0.16376613	-0.18012659	-0.2041241	-0.21199177	0.19163242	-0.1421222	0.14669168	-0.18270138	0.15013988	0.1530939	-0.16778888
0.19872612	0.22429377	-0.22118114	-0.16848946	-0.20497213	0.1780514	-0.20604418	-0.17031679	-0.23049669	0.26477668	-0.1428004	0.20309037	-0.2163871	0.17593546	0.15582678	-0.22408892
0.29496843	0.38639227	-0.3402074	-0.26786932	-0.31381065	0.33516714	-0.3661674	-0.35519037	-0.2994292	0.33899242	-0.3175812	0.37359476	-0.37736204	0.32764187	0.32952648	-0.35057408
0.11272887	0.15331796	-0.06917867	-0.079714075	-0.1363249	0.14022337	-0.09955384	-0.17007945	-0.06556403	0.11093701	-0.14743161	0.07999439	-0.112305395	0.10593638	0.12307273	-0.15904525
-0.23885763	-0.21516778	0.21629938	0.14401974	0.13360885	-0.2316882	0.17968157	0.24487714	0.20304236	-0.17090638	0.14443985	-0.16948065	0.1753582	-0.18630752	-0.1967821	0.24730043
0.22760811	0.2902627	-0.23412962	-0.275168	-0.2294879	0.27757776	-0.27844617	-0.29729304	-0.24932772	0.26008826	-0.26962832	0.30561858	-0.26827607	0.24207999	0.21890017	-0.19954593
-0.6014804	-0.5760011	0.6106499	0.56258917	0.56757116	-0.55997676	0.54168874	0.56201065	0.5663913	-0.6082217	0.540356	-0.56484854	0.59766614	-0.55982196	-0.60843945	0.6030355
-0.08531711	-0.033223465	0.07419515	0.032180455	0.05275149	-0.03127748	0.100092866	0.01379657	0.017584529	-0.0045386567	0.024899846	-0.007903695	0.057168834	-0.06956503	-0.033073027	0.017753867
-0.06231172	-0.09752022	0.13161752	0.11127535	0.10940215	-0.06225053	0.1132513	0.15060386	0.065121986	-0.13558418	0.12083868	-0.11263012	0.048809003	-0.05738165	-0.06838039	0.12838414
0.3876425	0.34735444	-0.2891714	-0.34166902	-0.35078463	0.34079725	-0.32472572	-0.3915369	-0.32924494	0.34998325	-0.33296937	0.3757695	-0.36875376	0.354794	0.38997975	-0.365912
0.34539917	0.34806284	-0.35137254	-0.31616354	-0.37275672	0.31894463	-0.40584198	-0.35493913	-0.3791159	0.4087443	-0.3939595	0.3588848	-0.41310945	0.38479376	0.33375445	-0.3256628
0.46236622	0.5528421	-0.5106364	-0.4565786	-0.465261	0.4689138	-0.5349666	-0.58254117	-0.50314814	0.57438844	-0.50996035	0.5059486	-0.5886627	0.480733	0.4816345	-0.53248096
0.20803012	0.15882187	-0.19173649	-0.15837961	-0.20473915	0.18741241	-0.14052607	-0.15816548	-0.15121923	0.22184536	-0.16598578	0.13805081	-0.2180229	0.14727235	0.1427578	-0.17504875
-0.15592654	-0.12561776	0.10375397	0.14071402	0.16373079	-0.10931039	0.1907439	0.14572306	0.111367255	-0.12699509	0.09959754	-0.1299857	0.1421776	-0.10385149	-0.15833549	0.105748124
0.16570695	0.1725964	-0.12305839	-0.1686025	-0.19965753	0.13266224	-0.15289852	-0.16779706	-0.19368799	0.16233513	-0.16977774	0.17809305	-0.20301509	0.1916322	0.16457692	-0.17666723
-0.006922085	0.053695578	-0.061466683	0.02528626	0.014417096	0.008682812	-0.04839283	-0.006099427	0.027472103	-0.0067234207	0.0039332747	-0.027793758	-0.010335388	0.029408872	0.043128416	0.0038246212
-0.16341014	-0.1045885	0.09290606	0.19384825	0.17779317	-0.1699486	0.12966886	0.1885536	0.15296318	-0.18766683	0.15644777	-0.115038395	0.16893165	-0.11079506	-0.1537115	0.16744934
-0.2389161	-0.2940018	0.24946855	0.20676462	0.2730295	-0.2255733	0.19846797	0.2608931	0.22845516	-0.23780765	0.21871637	-0.20062418	0.25971928	-0.24434072	-0.20975074	0.23018512
-0.2985845	-0.2811975	0.2610723	0.29146117	0.27156854	-0.24673243	0.23665242	0.28162378	0.30194736	-0.28224683	0.29857236	-0.24980839	0.33251068	-0.25981116	-0.33163878	0.31769842
0.044378053	0.032507878	0.0155307	-0.0017205067	-0.05326532	-0.009759156	-0.0074140136	-0.006179095	0.029001778	0.02830525	-0.029370792	0.06117241	0.02478831	-0.026072657	0.025627071	-0.045110244
-0.046455752	-0.0892452	0.099188946	0.016629612	0.07101447	-0.09282131	0.023331523	0.03495963	0.07491846	-0.059052948	0.06843323	-0.07906886	0.087719314	-0.013356292	-0.041108757	0.094203815
0.20804334	0.27439305	-0.2848131	-0.25117669	-0.24663167	0.2319525	-0.33460906	-0.2734827	-0.25589782	0.2520974	-0.2735249	0.24177971	-0.23894925	0.2856225	0.24019693	-0.27725473
-0.033818543	-0.12916219	0.08974849	0.09094687	0.05452444	-0.041490432	0.06270428	0.09147899	0.06034271	-0.10576606	0.06188665	-0.11912566	0.118019655	-0.073556796	-0.06721641	0.04961295
-0.06950892	-0.10768691	0.13239351	0.11291136	0.06748493	-0.061296083	0.10943486	0.12837239	0.06305923	-0.10891315	0.133366	-0.146057	0.14681982	-0.0823119	-0.08220373	0.052604664
-0.30512115	-0.3469839	0.28624302	0.24843597	0.2541242	-0.27654475	0.2931759	0.3404356	0.33884543	-0.296186	0.24057177	-0.2816949	0.3547198	-0.32811317	-0.2706422	0.27473846
-0.21718535	-0.1992968	0.18634133	0.22146915	0.1928165	-0.16515978	0.16276677	0.15684628	0.14461608	-0.17166598	0.22695532	-0.20949061	0.23492758	-0.15031818	-0.1642182	0.1476446
-0.06346896	-0.066857964	0.03551025	0.10114629	0.02755415	-0.06799141	0.12288084	0.03502	0.033786688	-0.07691608	0.1075035	-0.060709346	0.10324848	-0.08218207	-0.05883108	0.11138739
0.43380523	0.4432327	-0.45528823	-0.4364456	-0.36631992	0.4386735	-0.5038996	-0.49467477	-0.41703376	0.543838	-0.46393305	0.43781552	-0.4348169	0.46382996	0.4969846	-0.4245982
0.33402643	0.38299954	-0.3395198	-0.35423568	-0.35668966	0.33725178	-0.35428727	-0.31760588	-0.31966978	0.39932147	-0.36566973	0.3829319	-0.3910293	0.37342048	0.30529597	-0.29418924
-0.049508028	-0.034927536	0.008157787	0.05213767	0.05423196	0.0005301298	-0.042705707	-0.0063018007	0.08555618	-0.016857361	0.0007197243	0.0077750166	0.04787306	-0.04491345	-0.03561126	0.018142411
0.006817553	-0.033001646	-0.018898437	0.03637856	0.026522998	0.03032191	0.07033189	0.040822793	0.04756054	0.01749349	0.00838057	-0.052144054	0.03334516	0.024896197	-0.06338812	0.0042834175
0.585829	0.5702153	-0.54317355	-0.49485287	-0.4927302	0.57581174	-0.63762873	-0.6577212	-0.60135055	0.6307529	-0.5850464	0.5860735	-0.59203005	0.52206534	0.5449297	-0.50662595
0.020025209	0.07015922	-0.035904996	-0.02035342	-0.043898255	0.087079205	-0.03699492	-0.090673186	-0.05820417	0.074910626	-0.041755423	0.05343324	-0.01272191	0.026005741	0.07005122	-0.06829066
-0.100143015	-0.14062843	0.073035605	0.13163458	0.14851171	-0.1144328	0.062181316	0.116542995	0.07152008	-0.108115725	0.07525043	-0.14273463	0.15757042	-0.14168277	-0.13546094	0.09866273
0.48533282	0.45297033	-0.5296873	-0.49228796	-0.5072247	0.43937364	-0.56146383	-0.5221807	-0.5098001	0.5363534	-0.468811	0.532681	-0.55969965	0.46587825	0.5147165	-0.51665187
-0.19079728	-0.15625331	0.150391	0.17736872	0.18298592	-0.17411518	0.12716658	0.21766257	0.17905425	-0.16543958	0.20830001	-0.1557677	0.16575693	-0.1726104	-0.16533998	0.18556672
-0.29642448	-0.33379415	0.3337385	0.36885566	0.28818178	-0.2835682	0.36403868	0.3580509	0.30870426	-0.38012278	0.32648468	-0.29960173	0.40626022	-0.31958866	-0.35770673	0.30421135
0.15109032	0.096261546	-0.09896021	-0.11121654	-0.13978645	0.13558523	-0.09354618	-0.1539204	-0.12715098	0.06772947	-0.08173042	0.15906118	-0.12093907	0.10681936	0.09141181	-0.13314901
0.58728117	0.5863511	-0.5932313	-0.62591064	-0.55786115	0.61108905	-0.67482126	-0.67107886	-0.6270115	0.6494014	-0.63080543	0.69349086	-0.6370513	0.58613575	0.6328017	-0.6034436
0.35343146	0.3285925	-0.31932995	-0.36722907	-0.32217717	0.40700075	-0.37460995	-0.4273434	-0.39324012	0.3877122	-0.35822555	0.36233467	-0.3379079	0.32082582	0.3497557	-0.31569472
0.40608078	0.39162606	-0.3550579	-0.34871897	-0.3851576	0.3923986	-0.3620911	-0.3795071	-0.34130412	0.43962327	-0.39508513	0.40838987	-0.41608498	0.3252456	0.40728745	-0.411589
0.5612058	0.58730996	-0.60031784	-0.5783577	-0.57414496	0.55695707	-0.58556634	-0.6129779	-0.5243582	0.63386774	-0.51064944	0.63465977	-0.64488155	0.56712204	0.5641229	-0.56192505
0.21813656	0.21937092	-0.20703767	-0.16606295	-0.22930522	0.17656232	-0.17554133	-0.1690844	-0.23472753	0.19570445	-0.2279672	0.24559402	-0.22426078	0.18817574	0.19630207	-0.18416063
0.17695998	0.26680934	-0.23250167	-0.17677312	-0.15797287	0.2343644	-0.24245533	-0.26292992	-0.22640233	0.1984296	-0.15478301	0.26920202	-0.26687354	0.20078883	0.2016378	-0.17080581
0.46740448	0.4933386	-0.48136362	-0.44853216	-0.46993268	0.45411837	-0.59796464	-0.52749926	-0.51497614	0.6160016	-0.44636413	0.5820573	-0.5665406	0.43088704	0.46131876	-0.5156587
-0.030624498	0.027909586	0.008576633	0.049142726	-0.03615003	-0.03315344	0.055872016	0.05837561	-0.023022521	-0.044141985	0.040222477	-0.012261616	0.0039911787	0.033424307	-0.013326736	-0.0012739534
0.30746225	0.3663719	-0.30292717	-0.259101	-0.30845115	0.32986668	-0.3835074	-0.3969975	-0.3195986	0.40397483	-0.31326342	0.35167766	-0.37480184	0.30931774	0.34097844	-0.3287562
0.20804517	0.18156539	-0.21724376	-0.22729154	-0.17645954	0.14259204	-0.1984458	-0.19851042	-0.18130802	0.1770574	-0.23061787	0.24223547	-0.251944	0.23586921	0.18309133	-0.15549214
0.57454103	0.601158	-0.56453395	-0.60904366	-0.5269439	0.57081693	-0.71262807	-0.6586862	-0.6044059	0.6665276	-0.59648037	0.6319853	-0.714068	0.6416687	0.59187007	-0.58337456
-0.16533282	-0.1787996	0.18897027	0.1282067	0.124534324	-0.1692728	0.1724646	0.2012495	0.161863	-0.17317288	0.16637504	-0.19010353	0.22167757	-0.12684795	-0.22401254	0.16476068
0.07213639	0.07228776	-0.09742807	-0.12451821	-0.04906902	0.072596565	-0.13252212	-0.14862661	-0.12123453	0.06996649	-0.04078049	0.10363695	-0.10310882	0.095079854	0.12415021	-0.10367023
0.11220867	0.08320291	-0.0655623	-0.04921967	-0.044502262	0.06788099	-0.12725446	-0.09802649	-0.100876436	0.122029305	-0.02485534	0.12983677	-0.03988691	0.04439139	0.05226929	-0.076320946
-0.11576294	-0.104598984	0.10319617	0.13367724	0.112181604	-0.15643689	0.12871139	0.14171498	0.1889115	-0.10164029	0.119983524	-0.17123882	0.16347733	-0.14474265	-0.14621101	0.14387485
-0.064717405	0.020691711	-0.009065039	0.04230239	0.064675495	-0.029402254	0.03493043	0.079531975	0.006350982	-0.015234225	-0.015861416	-0.07349597	-0.0025426713	-0.037053905	-0.02496595	0.073193416
-0.13004082	-0.15629828	0.1469177	0.07938467	0.12931667	-0.07558118	0.17679556	0.07550528	0.08994963	-0.1351098	0.08162228	-0.11301911	0.059560813	-0.08065216	-0.14549881	0.13586973
-0.12255894	-0.11493347	0.16429326	0.17371172	0.10320538	-0.11574047	0.11927945	0.09761066	0.10522614	-0.12813693	0.11495276	-0.103089206	0.11055971	-0.12021414	-0.09025083	0.12324646
0.032129098	0.07331578	-0.059748024	-0.030095767	-0.054667708	0.06622864	-0.07910504	-0.09106419	-0.06661818	0.058361027	-0.09828178	0.09828502	-0.06588822	0.062071268	0.10962172	-0.03011634
0.14737199	0.093921475	-0.107305266	-0.1049956	-0.13929124	0.12922157	-0.04373369	-0.06910144	-0.07377801	0.10422922	-0.12852724	0.11122504	-0.110657096	0.08870423	0.13611202	-0.114315316
0.55573934	0.54397064	-0.48740414	-0.54116917	-0.506009	0.4751746	-0.511166	-0.5804782	-0.50397354	0.5527177	-0.49162522	0.57889515	-0.5157207	0.54365826	0.5601409	-0.47637665
0.06476666	0.04643333	-0.10024286	-0.12103339	-0.034568015	0.09140745	-0.09983448	-0.06308477	-0.08667664	0.09507655	-0.13108395	0.13755435	-0.06101765	0.10433087	0.088495746	-0.08396925
-0.004093992	0.01403498	0.04428802	-0.04127153	0.013624587	0.021982389	-0.022895666	-0.014561441	0.046930283	-0.020849299	-0.04632722	0.028921314	0.018434621	-0.04890535	0.04852703	-0.045883525
0.021501161	-0.045218863	0.033568043	-0.0021002325	0.011662925	0.011134465	-0.03482327	0.033123247	-0.015620272	-0.034509238	-0.035941944	0.0017968188	0.036386862	-0.022622483	0.017167235	0.04569687
0.11747582	0.13033067	-0.2065982	-0.18578936	-0.18615712	0.20925029	-0.2709811	-0.21016301	-0.14824314	0.19072959	-0.13691853	0.22337075	-0.13482705	0.20440198	0.20420255	-0.14407368
-0.026024293	-0.06897961	0.064597644	0.040826783	0.018865742	-0.078204386	-0.04689941	0.080579475	0.09248774	-0.07205934	0.013392706	-0.056319933	0.08538891	-0.025601853	-0.0054687187	0.0024437294
0.04973268	-0.021267036	-0.029768465	-0.03780875	-0.054485966	0.0028554187	-0.08476223	-0.054069772	0.015413083	0.03663327	-0.0019651095	0.022123702	-0.038337834	0.06555562	-0.012605515	-0.056823377
-0.13941962	-0.15411761	0.10067531	0.1278692	0.10257856	-0.17582141	0.0932271	0.19562058	0.20418279	-0.15661205	0.15873946	-0.16663355	0.14686361	-0.1590055	-0.17016774	0.13053966
0.04286909	0.015297712	-0.0488972	-0.059637435	-0.07493972	0.096326366	-0.06490343	-0.0735722	-0.040444884	0.027051205	-0.07091562	0.09925608	-0.112332515	0.05398899	0.08076149	-0.10066007
0.06044892	0.012262739	-0.104848675	-0.077208675	-0.056258816	0.06245229	-0.060977366	-0.10677598	-0.04404895	0.1119611	-0.060921375	0.022032395	-0.04486306	0.0991644	0.040482547	-0.04225989
-0.3087665	-0.40299594	0.29062906	0.372514	0.33512208	-0.37076128	0.33815914	0.33629248	0.30341047	-0.35558495	0.33935454	-0.35556614	0.3468544	-0.31341267	-0.35733777	0.3397648
0.3935862	0.36863387	-0.38029554	-0.3892992	-0.37516612	0.44052184	-0.46021366	-0.41449404	-0.3861352	0.4875701	-0.41022468	0.40426356	-0.4705395	0.39161587	0.36344558	-0.36287537
-0.42424756	-0.43617716	0.37340823	0.40931043	0.40991175	-0.4597383	0.4617089	0.4381551	0.48580742	-0.50991875	0.47115424	-0.45057124	0.52155566	-0.42640924	-0.43383425	0.4557952
-0.31524485	-0.27129385	0.26326546	0.2817834	0.25896272	-0.30571637	0.2591592	0.27909058	0.2963978	-0.31951743	0.32337654	-0.3454528	0.3372545	-0.25418425	-0.2762111	0.28318474
0.15486005	0.09244902	-0.1383454	-0.08400085	-0.07637881	0.08552798	-0.09314236	-0.15995805	-0.13002442	0.13963959	-0.07074187	0.13536145	-0.17187689	0.09080251	0.15599401	-0.09850009
0.10964821	0.050292913	-0.03765843	-0.041752208	-0.07197073	0.0726091	-0.060839597	-0.03927997	-0.10791313	0.039816618	-0.08784651	0.07105511	-0.04035751	0.091520086	0.03279588	-0.09037913
0.38969985	0.32242146	-0.37717175	-0.3239498	-0.3223935	0.39265096	-0.3588276	-0.33877707	-0.37103406	0.44009364	-0.3287752	0.32196182	-0.359093	0.34253052	0.3246711	-0.36930534
-0.009088862	-0.02723462	0.015133138	-0.02850029	0.011052571	-0.0027052914	-0.0054667485	0.045532446	-0.00907697	0.013339951	0.029563537	-0.028072365	-0.024217676	0.05170787	0.034711126	0.04120191
0.013735027	0.020562889	-0.027453206	-0.054615505	-0.0044040545	-0.010049065	0.007073454	0.01644542	-0.041913625	-0.03233424	0.024858799	0.058086157	0.03226496	0.023014132	-0.006923044	-0.012719007
0.5847439	0.5976689	-0.6331829	-0.62779635	-0.5139554	0.6165839	-0.67747515	-0.6502976	-0.62647396	0.70500535	-0.5741277	0.6403109	-0.69704056	0.5521804	0.5862888	-0.61429095
0.341595	0.29790926	-0.34318113	-0.35994065	-0.3073296	0.30387667	-0.365349	-0.39153355	-0.30449006	0.36601338	-0.36926287	0.31298319	-0.30193192	0.3569899	0.29370612	-0.33927333
0.56486046	0.56483495	-0.5058954	-0.55431676	-0.50653577	0.501698	-0.54183394	-0.58850443	-0.5689482	0.6734137	-0.55593944	0.60600317	-0.61143667	0.56425864	0.5885722	-0.5480404
0.31420392	0.38121957	-0.3282335	-0.34280628	-0.36322504	0.36100402	-0.36290693	-0.38813508	-0.35578158	0.37738183	-0.30495563	0.38689518	-0.32496974	0.33345652	0.3284998	-0.32314682
-0.12889013	-0.10923474	0.16256258	0.09565863	0.13420627	-0.08906553	0.11548038	0.12017813	0.18397425	-0.104191266	0.16852668	-0.14766389	0.14598295	-0.16096772	-0.17662285	0.15987429
-0.45664123	-0.522562	0.49097282	0.4080605	0.4145175	-0.43330976	0.4236462	0.482573	0.42168877	-0.4534901	0.47143894	-0.5194508	0.45167732	-0.5025795	-0.44201177	0.42525595
0.33736613	0.26409054	-0.3216627	-0.2442626	-0.31096017	0.2774575	-0.3098681	-0.3339757	-0.3334445	0.3712211	-0.26425856	0.32698882	-0.26513827	0.24624121	0.30478087	-0.24301083
0.59237796	0.5520485	-0.5143611	-0.5564026	-0.46048838	0.51195383	-0.5843116	-0.6231173	-0.54154223	0.6268106	-0.51423925	0.57246536	-0.61412835	0.55627203	0.5397983	-0.510741
-0.18215607	-0.15278548	0.23428112	0.2298398	0.15849961	-0.17328568	0.18050753	0.25257552	0.15300985	-0.21105054	0.22283973	-0.17754318	0.24478206	-0.21827552	-0.21707128	0.18282056
0.668751	0.62019354	-0.58379036	-0.65915	-0.5883663	0.66815746	-0.69508415	-0.7292385	-0.6820572	0.6630377	-0.5928821	0.6483161	-0.6969646	0.6111466	0.61733925	-0.6139687
0.6382328	0.580665	-0.6217676	-0.5635352	-0.549921	0.6161261	-0.6527631	-0.670366	-0.60325104	0.72425663	-0.61368173	0.65257514	-0.6150706	0.623702	0.5703351	-0.56290686
-0.08934195	-0.07843717	0.12416871	0.14224496	0.1612868	-0.12983254	0.11623062	0.15151668	0.16930509	-0.13340594	0.09023932	-0.17373376	0.08274101	-0.11925684	-0.14273943	0.07222537
0.25052124	0.19563694	-0.247603	-0.2230354	-0.17923833	0.2367476	-0.27498537	-0.24414672	-0.16109523	0.2083592	-0.19842754	0.17844245	-0.22463135	0.16216491	0.23572642	-0.2071725
0.1269651	0.20637612	-0.12143241	-0.13039352	-0.1920253	0.17524233	-0.19010219	-0.15432459	-0.20320952	0.20961027	-0.10829564	0.13430957	-0.15761717	0.17568749	0.12263689	-0.17192861
0.056591082	0.017629916	-0.054152496	-0.039486	-0.040850796	0.03703846	-0.09796261	0.022246882	-0.07368879	-0.025621206	-0.012924457	0.06322154	-0.019485183	0.03626989	0.074932024	0.009783869
-0.05508343	-0.06859622	0.115667276	0.08395758	0.09068798	-0.058534414	0.113803506	0.05079795	0.093645215	-0.08813953	0.11488123	-0.03407229	0.06277391	-0.074778475	-0.1067446	0.1058823
-0.18439488	-0.15982871	0.14684528	0.2042317	0.19852862	-0.15804905	0.16334337	0.21186998	0.15232101	-0.17722644	0.13690291	-0.13351808	0.16206683	-0.13221952	-0.19410378	0.15747927
0.045722615	0.07758301	-0.10796477	-0.06930605	-0.052434176	0.09753025	-0.044092197	-0.08049295	-0.071269795	0.07587899	-0.03339938	0.037825942	-0.051447753	0.036465228	0.05729391	-0.053788505
0.5431926	0.52870923	-0.53878117	-0.4875819	-0.43403086	0.5177444	-0.59492296	-0.5343288	-0.49753532	0.57919276	-0.44606036	0.5361875	-0.5804834	0.5039715	0.49818945	-0.48905697
-0.03863011	-0.038122933	0.026924428	0.077247195	0.111555725	-0.102710605	-0.03142915	0.12315638	0.072131656	-0.030412478	0.060347218	-0.048452225	0.04953272	-0.11781737	-0.12703086	0.07406943
-0.13871183	-0.0444745	0.120251246	0.08026707	0.0736042	-0.13595738	0.042307742	0.12833354	0.13473307	-0.108248696	0.07589631	-0.14329287	0.100300275	-0.106481366	-0.13528423	0.05953432
-0.383365	-0.36457258	0.3556006	0.37639582	0.41303238	-0.43162903	0.41850403	0.44188666	0.39360747	-0.43742642	0.39795205	-0.39593026	0.46389917	-0.36867222	-0.41219807	0.41398802
-0.045930136	-0.06711854	0.03213694	0.06231354	0.056260813	-0.10425962	0.035007745	0.021680497	0.05332099	-0.10001948	0.120308116	-0.04231756	0.112117484	-0.05332307	-0.074143894	0.10799244
0.058023263	0.08195393	-0.016789995	-0.04386018	-0.037173074	0.054017507	-0.0825388	-0.109505	-0.08101639	0.10131491	-0.09446541	0.1108031	-0.07676863	0.09501786	0.0868085	-0.09393171
0.15471831	0.11519026	-0.11112143	-0.120624915	-0.09168269	0.16115683	-0.14593032	-0.11943579	-0.10011883	0.13115107	-0.10711895	0.09127203	-0.10137713	0.13744038	0.16534626	-0.09639592
0.018467652	0.083284475	-0.039962236	-0.057291266	-0.10219304	0.106352426	-0.12907554	-0.054116428	-0.025219938	0.07143391	-0.046585932	0.051624	-0.09617406	0.07403376	0.043049756	-0.055811945
-0.25496444	-0.2473613	0.19907276	0.20149566	0.24462858	-0.2575931	0.27112752	0.24876778	0.19234556	-0.19434528	0.24943444	-0.256179	0.23807181	-0.23004198	-0.18551171	0.21444398
0.55713016	0.5863061	-0.57229507	-0.48188338	-0.5390933	0.5121949	-0.55451506	-0.56139994	-0.54802364	0.5636849	-0.5393769	0.5503767	-0.60260063	0.5424769	0.5954557	-0.4746131
0.30045852	0.2772959	-0.35332534	-0.34058976	-0.28614962	0.32202223	-0.3733973	-0.30605096	-0.33499408	0.30674827	-0.272427	0.3413919	-0.305763	0.27301446	0.3138271	-0.33077577
0.42523363	0.5221995	-0.45904183	-0.41378295	-0.43988925	0.45426974	-0.49606958	-0.46033436	-0.43071753	0.54109037	-0.47654566	0.4836656	-0.50408524	0.44905412	0.46765822	-0.4506225
0.45838442	0.41166925	-0.3653645	-0.4277556	-0.41834122	0.44970813	-0.4563896	-0.4847547	-0.37159038	0.45364445	-0.3640316	0.40017164	-0.4718391	0.37587935	0.44739035	-0.42726406
0.2943889	0.29109716	-0.29319438	-0.24760602	-0.22300649	0.28036317	-0.2482491	-0.31737614	-0.28690916	0.3021192	-0.2588575	0.2658573	-0.27557105	0.25756368	0.27576667	-0.2392152
0.5463687	0.56713665	-0.55687374	-0.47678956	-0.49947315	0.47609895	-0.5330313	-0.53561884	-0.53046775	0.58185387	-0.51137424	0.52687496	-0.56006163	0.46943754	0.57588017	-0.4752417
0.00136463	-0.06574492	0.019341622	0.017468529	0.048643287	0.0015472102	0.022258319	0.026611768	0.013553993	-0.007947253	0.07060832	-0.08968104	-0.0043218397	-0.041038513	-0.006176417	0.034532875
-0.26275486	-0.2961876	0.2044961	0.25696445	0.20577443	-0.23033668	0.19383124	0.25936902	0.2740454	-0.2163134	0.21614277	-0.30441535	0.22909285	-0.20259126	-0.28005934	0.24805214
-0.048185058	-0.06857736	0.08642482	0.04590952	0.11475216	-0.051212613	0.09433357	0.093518995	0.0504246	-0.08489134	0.11123885	-0.07369817	0.08408262	-0.11396765	-0.12359545	0.12212685
-0.13623776	-0.08962473	0.050123494	0.09077466	0.1330588	-0.13045663	0.0837618	0.13470645	0.07062968	-0.111596785	0.08873967	-0.0733249	0.11946008	-0.10060375	-0.13002846	0.08768143
-0.41026172	-0.46008208	0.39553306	0.40762207	0.39276388	-0.41920796	0.44625762	0.5035297	0.44301647	-0.4377876	0.43489736	-0.44717595	0.49133128	-0.40483066	-0.45937917	0.39821613
-0.144399	-0.14710274	0.21560948	0.12252085	0.18074189	-0.17862006	0.14765634	0.14939745	0.16597956	-0.18540774	0.17728655	-0.22591172	0.15443745	-0.20246308	-0.12350394	0.20522559
0.015869107	0.09131074	-0.030157844	-0.0022155978	0.0013028359	0.08164453	-0.023399286	-0.00889902	-0.060129374	0.0711584	-0.08572834	-0.0019717978	-0.054734204	0.03591309	0.054910135	-0.010503074
0.24839465	0.3126878	-0.3242755	-0.2894204	-0.2702967	0.291817	-0.2786216	-0.3069088	-0.25505742	0.35616925	-0.32587215	0.3362748	-0.30809548	0.26667804	0.27458233	-0.26648706
0.55328655	0.5583654	-0.6200924	-0.51808596	-0.53060013	0.5390725	-0.59296185	-0.5834573	-0.5981278	0.64005125	-0.565826	0.54284245	-0.6284329	0.5212562	0.5810664	-0.5349007
-0.5967244	-0.6005051	0.5358144	0.5346619	0.5782542	-0.51534426	0.59524626	0.5825526	0.57069075	-0.63901687	0.54605377	-0.57407874	0.6462812	-0.5287021	-0.54472464	0.58162564
0.23346323	0.1548059	-0.17748797	-0.15158531	-0.19184959	0.19909428	-0.19631475	-0.1890012	-0.18021977	0.21327561	-0.20117761	0.16674249	-0.22264482	0.12664337	0.1955113	-0.18472868
-0.58329445	-0.55569106	0.58759224	0.5389516	0.50753516	-0.58902687	0.5448054	0.6062863	0.5442879	-0.5759797	0.5010648	-0.535562	0.5508829	-0.567625	-0.5662075	0.56252563
-0.54292226	-0.597829	0.5708532	0.5832389	0.5691562	-0.5822621	0.5141237	0.5378093	0.57433015	-0.64109904	0.51770025	-0.52440166	0.5466368	-0.48931706	-0.5240145	0.5389763
-0.42516193	-0.38612783	0.45423406	0.38911086	0.35807785	-0.4476639	0.43425494	0.46595764	0.43112162	-0.3915996	0.42898571	-0.4098287	0.45307797	-0.45431364	-0.46658143	0.37296426
0.28198966	0.27777377	-0.26973107	-0.23208818	-0.2835329	0.31258032	-0.35272476	-0.34681565	-0.23920378	0.33895928	-0.32147992	0.2590611	-0.25192514	0.29668579	0.31291598	-0.29776418
-0.17253947	-0.15761086	0.09367472	0.08068102	0.07885774	-0.12853591	0.15569453	0.15807192	0.16314635	-0.124226704	0.14119317	-0.16464198	0.12750171	-0.15370049	-0.12364221	0.16186605
0.07419206	0.10804373	-0.03822165	-0.10079714	-0.04285733	0.07059425	-0.037203718	-0.044141848	-0.07272166	0.09899739	-0.08132888	0.080067486	-0.07928932	0.04989101	0.07413329	-0.03201193
0.072109535	0.067212656	-0.06810176	-0.08169888	-0.01777939	0.05807656	-0.015891874	-0.057585515	-0.028929764	0.102658205	-0.053709418	0.035759542	-0.11085637	0.016604425	0.03387214	-0.040409733
-0.059310704	-0.03543807	-0.0004365465	0.082710855	0.10113589	-0.0061452016	0.040270478	0.019006321	0.06409719	-0.07469465	0.073906876	-0.06865049	0.050884712	-0.0105265	-0.09311698	0.039492235
0.63778573	0.65126526	-0.60375595	-0.596284	-0.5571642	0.5801965	-0.66364753	-0.63149464	-0.57347167	0.62779105	-0.6086263	0.6602699	-0.67279243	0.5341293	0.58253074	-0.57538325
0.1876395	0.11726138	-0.18565	-0.112049274	-0.10036863	0.17887183	-0.17627998	-0.19269678	-0.11089331	0.11024467	-0.14848126	0.13189489	-0.1806505	0.16641584	0.119413696	-0.17670429
0.06794471	0.037228923	-0.010145748	-0.03256553	-0.102766186	0.016352907	-0.02641595	-0.04953386	-0.0142477155	0.05016699	-0.05243834	0.075403795	-0.10734917	0.020252388	0.05928458	-0.018895214
-0.08623673	-0.08834533	0.016507553	0.060991928	0.11258496	-0.09605979	0.0114219	0.07748997	0.109859034	-0.09633524	0.0447745	-0.09756528	0.108562894	-0.09715131	-0.028333386	0.07519685
0.40168774	0.3793667	-0.4008734	-0.38735095	-0.31018603	0.36361432	-0.39828876	-0.34074777	-0.3549984	0.4310562	-0.37748548	0.37752974	-0.34557036	0.37866628	0.39923108	-0.29894814
0.5981059	0.598619	-0.5563388	-0.5205011	-0.48147938	0.59389	-0.5668811	-0.6234457	-0.55505896	0.5754863	-0.5124018	0.61142474	-0.63355863	0.5181165	0.5891756	-0.5702485
-0.045302812	-0.030892236	0.031403188	0.05234879	0.022122333	-0.02510507	0.010414491	0.08081264	-0.0020251868	-0.09058718	0.048300933	-0.08133098	0.06954217	0.0072679087	-0.0027589123	0.0018653315
0.2703004	0.3602212	-0.27778852	-0.32021728	-0.26368788	0.34811008	-0.33794728	-0.3166965	-0.30794498	0.36447403	-0.27016568	0.34222806	-0.29036587	0.2765707	0.29265606	-0.30292258
0.61673456	0.55084443	-0.5776342	-0.57143444	-0.5047023	0.6065327	-0.5613257	-0.5903409	-0.5781396	0.6626921	-0.59136015	0.54977286	-0.59951186	0.6000326	0.56742567	-0.5202271
0.33403075	0.30510306	-0.2712554	-0.25427508	-0.2691665	0.3357953	-0.30965418	-0.36443728	-0.30869228	0.32186127	-0.33107027	0.35616085	-0.2843984	0.3167597	0.30762458	-0.2919015
0.40570652	0.42535958	-0.40829465	-0.42246187	-0.3940053	0.42968822	-0.46614817	-0.48878777	-0.4068394	0.4777714	-0.3915839	0.5200146	-0.5054742	0.48347402	0.48990524	-0.47239718
-0.07578075	-0.07860469	0.069901325	0.08627664	0.086175784	-0.09979856	0.0063783643	0.013098159	0.06602287	-0.07467601	0.060539417	-0.09173689	0.07972799	-0.028883507	-0.07038287	0.0602176
-0.1433437	-0.19385582	0.16013147	0.20810637	0.16906865	-0.16704929	0.18955018	0.22972544	0.21207258	-0.19334254	0.21724832	-0.15540308	0.14431693	-0.14237888	-0.22576734	0.16393657
-0.03871382	-0.053293884	0.13596691	0.12747757	0.11693718	-0.121271424	0.16584153	0.07288788	0.08054439	-0.08016042	0.10053612	-0.12623525	0.09827676	-0.11196648	-0.09222457	0.12883753
-0.18785295	-0.20423089	0.23582983	0.2495702	0.18745872	-0.19004509	0.22168298	0.24098966	0.22094639	-0.28984192	0.24883455	-0.2728447	0.2589508	-0.18284857	-0.22673433	0.26748854
-0.4049425	-0.41113153	0.36073315	0.42283285	0.38695106	-0.44883496	0.43269792	0.44254246	0.37982738	-0.44543502	0.36779574	-0.43555975	0.4273257	-0.3690062	-0.40235364	0.36277664
-0.41525328	-0.4467339	0.38984704	0.41157973	0.39484754	-0.44377938	0.42084762	0.43043846	0.4523059	-0.5265793	0.41867495	-0.4713888	0.5225827	-0.42069328	-0.4122169	0.41672403
-0.29317892	-0.3479141	0.2590515	0.25472412	0.25263417	-0.3523778	0.2725527	0.35242715	0.26724294	-0.29068962	0.32896748	-0.31857935	0.34347963	-0.28000364	-0.35519376	0.29767683
-0.11665181	-0.121159606	0.09614373	0.15242068	0.09044915	-0.12191649	0.06141592	0.16523664	0.10859654	-0.1325879	0.0941115	-0.074745186	0.11099074	-0.080128476	-0.09341969	0.1512862
-0.48574394	-0.52779865	0.4940059	0.43361145	0.5000156	-0.53261507	0.46349722	0.5719193	0.4686514	-0.5388928	0.51973724	-0.54496944	0.4827861	-0.43306717	-0.5211583	0.49464336
-0.25106084	-0.19528179	0.16826949	0.22563328	0.22766615	-0.17601036	0.15947752	0.2104076	0.2501272	-0.23757957	0.24651264	-0.17552881	0.24611932	-0.15824753	-0.23073366	0.23553033
0.1800915	0.18864964	-0.17115474	-0.1721564	-0.23674197	0.230665	-0.17729585	-0.27561617	-0.2129686	0.24400026	-0.1757524	0.20117916	-0.18381986	0.19152205	0.21390635	-0.24217245
-0.06041478	-0.031583667	0.06712509	0.08355041	0.010977395	-0.09279483	0.0063675204	0.050760996	0.040936552	-0.05789317	0.023196815	-0.016850121	0.04344668	-0.028962024	-0.0018520246	0.014311654
-0.09563685	-0.15201537	0.11869625	0.14805265	0.15068343	-0.15918626	0.10880301	0.15651156	0.09839398	-0.13566563	0.06264903	-0.14766803	0.11804676	-0.080584936	-0.100411266	0.08976288
-0.15790999	-0.18105964	0.16688037	0.102187835	0.097803354	-0.09981123	0.10838826	0.16848804	0.18926449	-0.13170564	0.10855579	-0.18715134	0.1677844	-0.12758452	-0.111280225	0.15544975
0.21553779	0.22622822	-0.1986551	-0.23857786	-0.1491026	0.18704993	-0.28481305	-0.20845364	-0.21324074	0.22088948	-0.22216603	0.18922842	-0.21126428	0.1495828	0.25379932	-0.1462286
-0.15138394	-0.15093611	0.18083555	0.14756997	0.11867009	-0.15860458	0.16852275	0.15516312	0.12861067	-0.14573613	0.16600218	-0.14038646	0.17592967	-0.17144696	-0.19478832	0.12878963
-0.09323354	-0.15209888	0.15609163	0.17667302	0.14039646	-0.10347799	0.14491268	0.08536394	0.15482503	-0.1227613	0.16301891	-0.18485835	0.13811171	-0.09245501	-0.100973204	0.14155696
0.03617215	0.074420035	-0.09337814	-0.04560569	-0.09067104	0.09325335	-0.051175326	-0.11574446	-0.08500228	0.10522837	-0.05046386	0.052827306	-0.03118728	0.110055715	0.021466406	-0.027459811
-0.1874205	-0.19157347	0.13749786	0.10526964	0.115353264	-0.18351614	0.13176544	0.12541132	0.11794473	-0.13927406	0.18127818	-0.15679911	0.1841516	-0.15276949	-0.15289956	0.09330846
-0.07335396	-0.09031747	0.15309148	0.04589511	0.047364376	-0.09258277	0.14439528	0.08839845	0.044475447	-0.07735291	0.08051604	-0.0791242	0.13984807	-0.07854856	-0.056282774	0.073466204
-0.065380916	-0.029807074	0.027584938	-0.016602876	0.0418924	-0.040257532	-0.041079137	-0.0010701721	0.03020313	-0.045566995	0.004791398	0.0076418845	0.050500393	-0.02935538	-0.013007632	-0.017033322
-0.0055723176	-0.053482417	-0.023960007	0.053455714	-0.023012925	0.009706542	-0.004393867	0.04530475	-0.020926028	-0.046489827	0.016733022	-0.04544958	0.02813207	-0.0047147814	-0.041634545	-0.0044720126
0.031151054	-0.0042147306	-0.0018765352	-0.0159367	-0.05990031	0.035404943	0.015609486	-0.06523193	-0.025916617	0.08678129	-0.011253613	0.057750054	-0.026084496	0.006348108	0.06870037	-0.01199978
-0.31341723	-0.38593042	0.374921	0.38545236	0.32533944	-0.3303996	0.3471874	0.36818472	0.311594	-0.360631	0.34532738	-0.34251946	0.370063	-0.32625923	-0.37673843	0.37799093
0.09305784	0.072582945	-0.073369995	-0.043617267	-0.019880269	0.06443511	-0.036585998	-0.08087836	-0.1037445	0.13567759	-0.021983933	0.044618133	-0.084448434	0.06176233	0.11420102	-0.08814779
-0.25461817	-0.2605958	0.25497064	0.31584606	0.28465298	-0.31195897	0.31822333	0.31348145	0.25770405	-0.2790532	0.31768736	-0.33368155	0.27577573	-0.29260302	-0.27824986	0.23998813
-0.4279709	-0.45848882	0.46167636	0.47563943	0.44556004	-0.39038745	0.438754	0.48289928	0.45984977	-0.4606785	0.4713225	-0.5116907	0.51677114	-0.45727912	-0.4962189	0.395664
0.1802906	0.14810339	-0.14755966	-0.14731555	-0.1618459	0.17179605	-0.26066783	-0.17713375	-0.22324117	0.20983477	-0.12308132	0.15129215	-0.1961964	0.18492724	0.17288092	-0.15206753
0.29429692	0.25263765	-0.28145203	-0.26366162	-0.2920922	0.3169036	-0.34271628	-0.31082335	-0.3185331	0.28829908	-0.3163155	0.25359783	-0.29184243	0.29061446	0.24933307	-0.2868738
-0.41499484	-0.42723912	0.38858575	0.43447116	0.3941005	-0.45791295	0.4218998	0.44528925	0.40335098	-0.502293	0.40425417	-0.40778875	0.432358	-0.3865035	-0.3843263	0.4342832
-0.3182432	-0.32116893	0.30295283	0.23083659	0.23041964	-0.24730052	0.31412843	0.29123932	0.2973254	-0.33543855	0.2704606	-0.24582797	0.3377584	-0.2389387	-0.2561866	0.23270601
-0.15573855	-0.15490647	0.17201236	0.1512233	0.095423505	-0.091459796	0.13870567	0.10888343	0.13846321	-0.13520361	0.10202628	-0.110227555	0.19057421	-0.112636864	-0.16382605	0.15235409
-0.003431387	-0.028140694	-0.06167532	0.036388505	-0.0068922145	-0.0089024445	-0.08071609	0.040539086	0.020281747	0.0032497258	-0.015071027	-0.007456871	0.016235795	0.01968689	0.03685004	-0.025957556
0.38498208	0.36566272	-0.39594543	-0.36618683	-0.39653662	0.3951926	-0.4741492	-0.46454728	-0.3926667	0.45951363	-0.3853766	0.437949	-0.45414206	0.36523572	0.41352275	-0.33394617
0.1503128	0.12457393	-0.13263193	-0.11699991	-0.110176615	0.10459692	-0.20688778	-0.1179234	-0.11135704	0.15933888	-0.16686723	0.1534528	-0.13934061	0.08586081	0.08315008	-0.12656125
-0.022443082	-0.029398391	0.022101589	-0.015808223	0.034834106	0.026626198	-0.06803988	0.0067699035	-0.022702387	0.049519245	-0.02022136	-0.037890475	-0.0052592847	0.04515716	0.019146476	-0.032704163
0.081628226	0.06129406	-0.08495964	-0.12839156	-0.14806512	0.13332705	-0.18042068	-0.111982465	-0.12380841	0.10911095	-0.09868743	0.08779132	-0.12886405	0.07892304	0.16578624	-0.10521534
0.041711345	0.054856863	-0.056874767	0.031715643	-0.054943535	-0.015726767	-0.0014298388	0.023647139	-0.020423727	0.023019701	-0.021193169	0.0151104145	-0.0068916343	0.04421082	-0.015448522	0.0032085946
-0.01628939	-0.004503827	0.05885114	0.059361063	0.014105409	-0.07123622	0.10114032	0.015532245	0.003280716	-0.06060429	0.035035186	-0.059909154	0.0758697	-0.05178367	-0.06513962	0.09772227
0.050753877	0.12917376	-0.050671607	-0.042363126	-0.09192872	0.092118114	-0.034640674	-0.055576168	-0.109643154	0.07399679	-0.05996113	0.13109414	-0.05986901	0.13301897	0.08134157	-0.11423133
0.0886757	0.08192682	0.0013279634	-0.036489855	0.0025495386	0.0647609	-0.0378556	0.0074447365	-0.07732737	0.0065404326	-0.02627349	0.057522047	-0.07057736	0.086803205	-0.0026346743	-0.04392549
-0.36978725	-0.31192696	0.29721588	0.33142614	0.3591397	-0.32852334	0.33514386	0.3139309	0.37308273	-0.38835767	0.30834466	-0.34215227	0.34082198	-0.28651023	-0.3200186	0.350758
0.114717305	0.030460251	-0.10447063	-0.089653	-0.0809189	0.10747741	-0.13777184	-0.12841251	-0.10266157	0.12565659	-0.1204157	0.115268834	-0.04741642	0.049057335	0.044886496	-0.119649194
-0.2655473	-0.34341267	0.27727023	0.31206623	0.2632857	-0.28802043	0.25544947	0.285326	0.32404575	-0.36675772	0.31191474	-0.3530674	0.29989278	-0.277483	-0.25396663	0.2742333
-0.37124324	-0.38255355	0.33002135	0.37410337	0.39229476	-0.34133416	0.3764663	0.42089042	0.43856448	-0.37823236	0.3718157	-0.3935135	0.41980845	-0.38428178	-0.406172	0.36371183
-0.26570597	-0.2523052	0.2555463	0.25986528	0.25935435	-0.28196475	0.28679243	0.28940603	0.2922546	-0.2902557	0.2573051	-0.33293587	0.31237492	-0.26357597	-0.32027566	0.2830048
0.5495181	0.5235076	-0.47298604	-0.4531821	-0.44249415	0.49896133	-0.5061892	-0.5354007	-0.45719972	0.5840643	-0.47887364	0.5343342	-0.5820133	0.49871802	0.49804538	-0.4749343
0.45295838	0.52860993	-0.5080607	-0.46778747	-0.4399499	0.44627938	-0.48531532	-0.5249443	-0.4958409	0.5680781	-0.4521597	0.51008683	-0.5047612	0.4727214	0.52877474	-0.49147156
0.14676972	0.16812672	-0.21083693	-0.1483259	-0.16595513	0.17553642	-0.21866944	-0.18970734	-0.21709342	0.2656255	-0.22010429	0.16952606	-0.23961876	0.16779445	0.19349395	-0.1735241
0.040787973	0.047697004	-0.08087159	-0.098700866	-0.118016675	0.115676574	-0.08912832	-0.07084281	-0.07448355	0.07504729	-0.11353773	0.1024025	-0.103230886	0.045922786	0.06880457	-0.10184688
0.5542543	0.58900464	-0.54813313	-0.5153862	-0.5539072	0.5832855	-0.5641755	-0.6118082	-0.55262876	0.63033515	-0.5831796	0.57099986	-0.5963491	0.51417685	0.5475477	-0.5626803
0.023281842	-0.04443349	0.07492515	-0.006340148	0.06862756	-0.035037085	0.023967542	0.018177642	0.06469762	-0.03840724	0.06546702	-0.062495586	0.07035021	0.018287783	0.0059004026	0.002953915
0.46305126	0.50021046	-0.40408537	-0.41053247	-0.44230944	0.40940484	-0.47815698	-0.47719306	-0.40807652	0.5179494	-0.47407135	0.48378545	-0.5262734	0.44883588	0.4824796	-0.4072496
0.03339758	0.01284306	-0.06883081	-0.03728879	-0.023327801	0.070143774	-0.120639816	-0.09255992	-0.06136549	0.069621116	-0.008347555	0.01606932	-0.09858286	0.0805173	0.05384494	-0.09011706
-0.11494135	-0.11383834	0.06992332	0.07065874	0.06352648	-0.054098334	0.07791081	0.10261739	0.10667062	-0.06182825	0.13199909	-0.086188756	0.113250524	-0.077291004	-0.047225595	0.066014975
-0.25745183	-0.27467865	0.29877856	0.29177004	0.208179	-0.22932512	0.30017015	0.3197328	0.27336797	-0.22810034	0.26755345	-0.20829011	0.26012906	-0.29410708	-0.25937188	0.26827824
-0.16867946	-0.17115435	0.11130027	0.1909594	0.19921626	-0.13166125	0.21618147	0.22314635	0.13896696	-0.12405868	0.17865364	-0.13832396	0.19789994	-0.15132548	-0.13737556	0.19466302
0.25703484	0.29354754	-0.2772903	-0.24818122	-0.29703805	0.25074297	-0.2693435	-0.26181316	-0.26615506	0.32966956	-0.25041845	0.26611096	-0.33067432	0.26246405	0.24716617	-0.28941786
-0.06410152	-0.0446337	0.05650404	0.061006423	0.08450445	-0.06369522	0.03985179	0.008215488	0.07784354	-0.063276514	0.038360935	-0.098755464	0.10745119	-0.013501052	-0.0047318265	0.036065564
-0.2213212	-0.2857063	0.2068111	0.24409196	0.27299634	-0.253489	0.24185751	0.31838834	0.28819495	-0.23552933	0.24801974	-0.32840377	0.30576038	-0.29813245	-0.30179986	0.21326813
0.18675031	0.20926255	-0.16000478	-0.21291625	-0.123809904	0.14770092	-0.19717975	-0.17028381	-0.15829562	0.1571315	-0.18984039	0.1691289	-0.15362377	0.2166671	0.19617596	-0.12590866
0.34277698	0.3282805	-0.32877287	-0.35296732	-0.27426943	0.33847085	-0.29794505	-0.31517288	-0.31658143	0.40135923	-0.3734872	0.35462493	-0.40693942	0.30027148	0.34417	-0.27992097
-0.21423563	-0.14054893	0.18119463	0.15671211	0.113581665	-0.19994697	0.18647484	0.16148242	0.17638576	-0.22659454	0.14902933	-0.19317052	0.20190045	-0.14983644	-0.16583401	0.1515176
-0.14026012	-0.23165214	0.12852396	0.18404743	0.20369993	-0.15177922	0.14587525	0.16087118	0.17426398	-0.16400217	0.13635129	-0.20680861	0.23125021	-0.21164368	-0.14249147	0.1608792
0.11042236	0.08725615	-0.0905534	-0.14296111	-0.08853563	0.13362204	-0.09409561	-0.15896106	-0.111490384	0.16789049	-0.14388019	0.13446546	-0.15103132	0.110876665	0.0953781	-0.108467996
0.5282212	0.5593827	-0.5478281	-0.5490845	-0.45507422	0.49007273	-0.5189708	-0.5752336	-0.4893314	0.58661795	-0.4669228	0.57589567	-0.587155	0.4661072	0.538306	-0.48555523
0.053243037	0.0866013	-0.100793876	-0.09036151	-0.11697698	0.059436966	-0.045626912	-0.13723269	-0.09003507	0.066663556	-0.14536984	0.1541454	-0.105360486	0.10479538	0.10145999	-0.14676373
0.22578092	0.2720239	-0.27399504	-0.23361449	-0.1897737	0.25981843	-0.28507882	-0.2913729	-0.26792058	0.25850642	-0.19146605	0.22640617	-0.22427817	0.21597227	0.2914491	-0.2712622
-0.15676849	-0.13650501	0.2016891	0.18330798	0.12869523	-0.11498228	0.118160464	0.20443837	0.18707205	-0.20294835	0.108212024	-0.21248311	0.17113431	-0.12043726	-0.15264678	0.15793407
-0.2804278	-0.21413529	0.29362932	0.22684944	0.18585728	-0.2925493	0.23219265	0.24028344	0.2223746	-0.22656833	0.2663899	-0.29909366	0.23927145	-0.2354126	-0.22047403	0.26943487
-0.34106228	-0.33793277	0.32618517	0.3241992	0.27510837	-0.31644702	0.31587055	0.35992718	0.28659424	-0.40593803	0.32284826	-0.3350163	0.33014593	-0.33301935	-0.2927363	0.29607797
-0.47970903	-0.5089679	0.44308102	0.49334797	0.40837166	-0.52225685	0.4749959	0.55528563	0.49773532	-0.5217289	0.48551625	-0.5171501	0.49371633	-0.49330822	-0.52742755	0.47438106
0.5094446	0.50455505	-0.5043177	-0.46881595	-0.47877306	0.51775557	-0.5341612	-0.5696074	-0.51651376	0.6333677	-0.52122295	0.5395014	-0.54834974	0.47789	0.49423382	-0.46467268
0.07150841	0.010967492	-0.010740021	0.021197977	-0.062032852	-0.00041457554	-0.037795972	-0.0062878393	-0.00016655753	0.02929142	-0.04942127	0.017340321	-0.013872286	0.035002895	0.00061912485	-0.0040601185
0.24485187	0.23223366	-0.2882429	-0.24091119	-0.246112	0.23863171	-0.28707287	-0.30199385	-0.20203203	0.24214628	-0.24569175	0.27275136	-0.3104656	0.27243027	0.28347722	-0.24989377
-0.06496669	-0.068344496	0.11670769	0.11296037	0.11343453	-0.03255704	0.12567343	0.043180518	0.08494592	-0.079050824	0.07754447	-0.025117714	0.118045054	-0.04007676	-0.09350587	0.089816816
0.12441312	0.14032733	-0.12162711	-0.15382314	-0.10767783	0.11381181	-0.2014705	-0.12950747	-0.1289788	0.13690239	-0.12665606	0.14999288	-0.1496304	0.12061667	0.12512028	-0.1510522
0.40396097	0.42468727	-0.46321422	-0.38535783	-0.42298216	0.4365562	-0.51531327	-0.41661173	-0.40374297	0.5005578	-0.40717995	0.47502574	-0.50228035	0.37187815	0.42632535	-0.43963155
0.5102643	0.50601643	-0.54312074	-0.5140571	-0.4598603	0.5082706	-0.5698714	-0.5462933	-0.57157063	0.5848963	-0.52075285	0.5957642	-0.61008346	0.48860854	0.52359384	-0.49411863
0.19557998	0.16214179	-0.19090284	-0.15001203	-0.11193836	0.1923144	-0.13228875	-0.16358495	-0.16454946	0.1542182	-0.16306098	0.16195633	-0.13766533	0.1695253	0.17689693	-0.15215808
-0.38950226	-0.45785302	0.33099037	0.40261623	0.3612516	-0.3444197	0.36954597	0.4459391	0.4166086	-0.4656178	0.38499078	-0.44726655	0.4260537	-0.39778972	-0.38283154	0.43414205
0.24499965	0.298108	-0.28652048	-0.20098972	-0.22792117	0.2636764	-0.26152366	-0.25296792	-0.1959001	0.235341	-0.20174794	0.26321495	-0.2907925	0.25003335	0.22570984	-0.2664684
0.004792411	0.00318249	-0.009128198	-0.0039741555	-0.0095873	-0.022074096	0.04667633	0.0149264885	0.014886608	-0.03418411	0.059370067	-0.013449256	-0.0029460357	-0.009520028	-0.06432297	0.029845774
-0.04891718	-0.073166676	0.10111055	0.11056083	0.114050046	-0.120549805	0.025870739	0.045645736	0.05380189	-0.03671552	0.0772682	-0.034149256	0.04103817	-0.034484066	-0.12145515	0.09424466
0.33185923	0.26813674	-0.29017136	-0.27529272	-0.28567266	0.23532517	-0.26045087	-0.31773436	-0.3229357	0.30519867	-0.2486014	0.28439245	-0.2907267	0.31496277	0.33420682	-0.27969927
-0.014309909	-0.098068126	0.07491297	0.0784216	0.09159822	-0.03636174	0.019942807	0.015158363	0.017845508	-0.083941825	0.045791492	-0.07084908	0.048716065	-0.053167704	-0.07320419	0.012424852
-0.33505505	-0.34333324	0.28703994	0.2583535	0.31126624	-0.2897765	0.36943248	0.39316005	0.3385895	-0.3964634	0.32900506	-0.28726983	0.33602542	-0.27370086	-0.32111773	0.26505426
-0.19214623	-0.15784124	0.14716306	0.09803671	0.12850647	-0.118996255	0.10076444	0.109108575	0.11137877	-0.11743272	0.10707758	-0.15030916	0.12267579	-0.11000917	-0.09988437	0.12662101
0.21249406	0.25815618	-0.2672682	-0.24224532	-0.24169914	0.21527903	-0.3252392	-0.3127089	-0.20376332	0.30469882	-0.22730063	0.22445579	-0.29612333	0.2453338	0.2821404	-0.18951692
0.19094056	0.11209186	-0.1605918	-0.10975187	-0.15317227	0.17683579	-0.21503022	-0.14001645	-0.09537135	0.15026557	-0.14109503	0.17953636	-0.1812088	0.16771546	0.18777403	-0.16101253
0.18020205	0.17532538	-0.1740873	-0.1246259	-0.19166555	0.17416294	-0.24609189	-0.17167525	-0.19411561	0.14067358	-0.14458872	0.21254103	-0.17798431	0.19163984	0.19570296	-0.14477451
-0.2652176	-0.24089658	0.29404974	0.21989919	0.25496492	-0.3162029	0.26965114	0.2795595	0.23243125	-0.28743377	0.24586813	-0.25978294	0.33783203	-0.24263996	-0.27269667	0.27559918
